<?xml version='1.0' encoding='ISO-8859-1' ?>

<WebWorksHelpIX version="4.0">
 <g t="Numerics" o="001">
  <i t="3DES">
   <j l="15#wp1140846" />
  </i>
 </g>
 <g t="A" o="002">
  <i t="AAA servers">
   <j l="31#wp1110336" />
   <i t="and authentication methods">
    <j l="32#wp1112507" />
   </i>
   <i t="and users">
    <j l="27#wp1135474" />
   </i>
   <i t="LDAP Group">
    <j l="31#wp1148978" />
   </i>
   <i t="LDAP group members">
    <j l="31#wp1149110" />
   </i>
   <i t="RADIUS group members">
    <j l="31#wp1126142" />
   </i>
   <i t="RADIUS. See also RADIUS.">
    <j l="31#wp1110740" />
   </i>
   <i t="where used">
    <j l="1#wp1147081" />
   </i>
  </i>
  <i t="access control">
   <j l="23#wp1032227" />
  </i>
  <i t="access users">
   <j l="27#wp1130354" />
   <j l="27#wp1134433" />
   <i t="forcing login">
    <j l="27#wp1134454" />
   </i>
   <i t="forcing login. See also force user authentication policies.">
    <j l="27#wp1134454" />
   </i>
   <i t="idle timeout">
    <j l="27#wp1109766" />
   </i>
   <i t="in user-aware policies">
    <j l="27#wp1134443" />
   </i>
   <i t="logging in">
    <j l="27#wp1134443" />
    <j l="27#wp1134454" />
   </i>
   <i t="multiple logins">
    <j l="27#wp1109691" />
   </i>
   <i t="see also users">
    <j l="27#wp1130354" />
   </i>
   <i t="web configurator">
    <j l="27#wp1137051" />
   </i>
  </i>
  <i t="account">
   <i t="myZyXEL.com">
    <j l="3#wp1068495" />
   </i>
  </i>
  <i t="action (IDP)">
   <j l="23#wp1065742" />
  </i>
  <i t="active protocol">
   <j l="15#wp1136647" />
   <i t="AH">
    <j l="15#wp1136647" />
   </i>
   <i t="ESP">
    <j l="15#wp1136647" />
   </i>
  </i>
  <i t="active sessions. See sessions.">
   <j l="40#wp1112514" />
  </i>
  <i t="ActiveX">
   <j l="25#wp1067822" />
  </i>
  <i t="AD">
   <j l="31#wp1148530" />
  </i>
  <i t="AD (Active Directory)">
   <j l="31#wp1148228" />
  </i>
  <i t="address groups">
   <j l="28#wp1108468" />
   <i t="and content filtering">
    <j l="25#wp1085158" />
    <j l="25#wp1072113" />
    <j l="25#wp1085400" />
   </i>
   <i t="and firewall">
    <j l="14#wp1116128" />
   </i>
   <i t="and force user authentication policies">
    <j l="27#wp1145502" />
    <j l="27#wp1126972" />
   </i>
   <i t="and FTP">
    <j l="37#wp1065006" />
   </i>
   <i t="and SNMP">
    <j l="37#wp1065116" />
   </i>
   <i t="and SSH">
    <j l="37#wp1064512" />
   </i>
   <i t="and Telnet">
    <j l="37#wp1121863" />
   </i>
   <i t="and WWW">
    <j l="37#wp1134980" />
   </i>
   <i t="where used">
    <j l="1#wp1147069" />
   </i>
  </i>
  <i t="address objects">
   <j l="28#wp1108468" />
   <i t="and content filtering">
    <j l="25#wp1085158" />
    <j l="25#wp1072113" />
    <j l="25#wp1085400" />
   </i>
   <i t="and firewall">
    <j l="14#wp1116128" />
   </i>
   <i t="and force user authentication policies">
    <j l="27#wp1145502" />
    <j l="27#wp1126972" />
   </i>
   <i t="and FTP">
    <j l="37#wp1065006" />
   </i>
   <i t="and NAT">
    <j l="7#wp1028628" />
   </i>
   <i t="and policy routes">
    <j l="7#wp1027454" />
    <j l="7#wp1051200" />
    <j l="7#wp1028034" />
    <j l="27#wp1145505" />
    <j l="27#wp1126972" />
   </i>
   <i t="and SNMP">
    <j l="37#wp1065116" />
   </i>
   <i t="and SSH">
    <j l="37#wp1064512" />
   </i>
   <i t="and Telnet">
    <j l="37#wp1121863" />
   </i>
   <i t="and virtual servers">
    <j l="11#wp1053847" />
   </i>
   <i t="and VPN connections">
    <j l="15#wp1130693" />
   </i>
   <i t="and WWW">
    <j l="37#wp1134980" />
   </i>
   <i t="HOST">
    <j l="28#wp1108233" />
   </i>
   <i t="RANGE">
    <j l="28#wp1108237" />
   </i>
   <i t="SUBNET">
    <j l="28#wp1108240" />
   </i>
   <i t="where used">
    <j l="1#wp1147065" />
   </i>
  </i>
  <i t="admin users">
   <j l="27#wp1130326" />
   <i t="multiple logins">
    <j l="27#wp1109748" />
   </i>
   <i t="see also users">
    <j l="27#wp1130326" />
   </i>
  </i>
  <i t="ADP">
   <i t="base profiles">
    <j l="24#wp1032074" />
   </i>
   <i t="bindings">
    <j l="24#wp1031008" />
   </i>
   <i t="configuration overview">
    <j l="1#wp1184677" />
   </i>
   <i t="false negatives">
    <j l="24#wp1032149" />
   </i>
   <i t="false positives">
    <j l="24#wp1032149" />
   </i>
   <i t="host intrusions">
    <j l="24#wp1031479" />
   </i>
   <i t="inline profile">
    <j l="24#wp1032150" />
   </i>
   <i t="monitor profile">
    <j l="24#wp1032150" />
   </i>
   <i t="network intrusions">
    <j l="24#wp1031484" />
   </i>
   <i t="prerequisites">
    <j l="1#wp1184686" />
   </i>
   <i t="profiles">
    <j l="24#wp1057699" />
   </i>
   <i t="protocol anomaly">
    <j l="24#wp1032068" />
   </i>
   <i t="traffic anomaly">
    <j l="24#wp1032068" />
    <j l="24#wp1032567" />
   </i>
  </i>
  <i t="Advanced Encryption Standard. See AES.">
   <j l="15#wp1140848" />
  </i>
  <i t="AES">
   <j l="15#wp1140848" />
  </i>
  <i t="AH">
   <j l="15#wp1136647" />
   <i t="and transport mode">
    <j l="15#wp1136813" />
   </i>
  </i>
  <i t="alerts">
   <j l="39#wp1109440" />
   <j l="39#wp1106438" />
   <j l="39#wp1109933" />
   <j l="39#wp1123328" />
   <j l="39#wp1108194" />
   <j l="39#wp1110734" />
   <i t="anti-virus">
    <j l="22#wp1136307" />
   </i>
   <i t="IDP">
    <j l="23#wp1065735" />
   </i>
  </i>
  <i t="ALG">
   <j l="13#wp1022267" />
   <i t="and firewall">
    <j l="13#wp1022982" />
    <j l="13#wp1023098" />
   </i>
   <i t="and NAT">
    <j l="13#wp1014931" />
   </i>
   <i t="and policy routes">
    <j l="13#wp1021518" />
    <j l="13#wp1023177" />
    <j l="13#wp1023098" />
   </i>
   <i t="and trunks">
    <j l="13#wp1021518" />
   </i>
   <i t="and virtual servers">
    <j l="13#wp1022982" />
    <j l="13#wp1023098" />
   </i>
   <i t="FTP">
    <j l="13#wp1022241" />
   </i>
   <i t="H.323">
    <j l="13#wp1022241" />
    <j l="13#wp1015463" />
    <j l="13#wp1015506" />
   </i>
   <i t="peer-to-peer calls">
    <j l="13#wp1022982" />
   </i>
   <i t="RTP">
    <j l="13#wp1015628" />
   </i>
   <i t="See also VoIP pass through.">
    <j l="13#wp1022241" />
   </i>
   <i t="SIP">
    <j l="13#wp1022241" />
    <j l="13#wp1017657" />
   </i>
   <i t="SIP timeout">
    <j l="13#wp1013362" />
   </i>
  </i>
  <i t="answer rings">
   <j l="37#wp1159189" />
  </i>
  <i t="anti-virus">
   <j l="22#wp1124396" />
   <i t="alerts">
    <j l="22#wp1136307" />
   </i>
   <i t="black list">
    <j l="22#wp1135822" />
   </i>
   <i t="bypass black list">
    <j l="22#wp1132872" />
   </i>
   <i t="bypass white list">
    <j l="22#wp1132868" />
   </i>
   <i t="EICAR">
    <j l="22#wp1133122" />
   </i>
   <i t="file decompression">
    <j l="22#wp1132880" />
   </i>
   <i t="firmware package blocking">
    <j l="22#wp1139733" />
   </i>
   <i t="log options">
    <j l="22#wp1136301" />
   </i>
   <i t="packet scan">
    <j l="22#wp1124466" />
   </i>
   <i t="priority">
    <j l="22#wp1131379" />
   </i>
   <i t="registration status">
    <j l="22#wp1131951" />
   </i>
   <i t="virus">
    <j l="22#wp1124396" />
   </i>
   <i t="white list">
    <j l="22#wp1133131" />
   </i>
   <i t="worm">
    <j l="22#wp1124396" />
   </i>
  </i>
  <i t="Anti-virus">
   <i t="prerequisites">
    <j l="1#wp1189382" />
   </i>
  </i>
  <i t="Anti-Virus">
   <i t="trial service activation">
    <j l="3#wp1082467" />
   </i>
   <i t="updating signatures">
    <j l="4#wp1084058" />
   </i>
  </i>
  <i t="Apache server">
   <j l="24#wp1032761" />
   <j l="24#wp1032821" />
  </i>
  <i t="APD">
   <i t="port scanning">
    <j l="24#wp1032570" />
   </i>
  </i>
  <i t="Application Layer Gateway. See ALG.">
   <j l="13#wp1022241" />
  </i>
  <i t="application patrol">
   <j l="3#wp1084303" />
   <j l="21#wp1116199" />
   <i t="actions">
    <j l="21#wp1112212" />
   </i>
   <i t="and firewall">
    <j l="21#wp1116200" />
   </i>
   <i t="and HTTP redirect">
    <j l="12#wp1038544" />
   </i>
   <i t="bandwidth management">
    <j l="21#wp1129494" />
   </i>
   <i t="bandwidth management behavior">
    <j l="21#wp1132865" />
   </i>
   <i t="bandwidth statistics">
    <j l="21#wp1126678" />
   </i>
   <i t="classification">
    <j l="21#wp1112167" />
   </i>
   <i t="configured rate effect">
    <j l="21#wp1134432" />
   </i>
   <i t="exceptions">
    <j l="21#wp1112868" />
   </i>
   <i t="maximize bandwidth usage">
    <j l="21#wp1125137" />
    <j l="21#wp1123997" />
    <j l="21#wp1140203" />
    <j l="21#wp1149285" />
   </i>
   <i t="over allotment of bandwidth">
    <j l="21#wp1134592" />
   </i>
   <i t="port-base">
    <j l="21#wp1114158" />
   </i>
   <i t="port-less">
    <j l="21#wp1112167" />
   </i>
   <i t="prerequisites">
    <j l="1#wp1146924" />
   </i>
   <i t="priority">
    <j l="21#wp1134592" />
   </i>
   <i t="priority effect">
    <j l="21#wp1141231" />
   </i>
   <i t="protocol statistics">
    <j l="21#wp1127100" />
   </i>
   <i t="registration status">
    <j l="21#wp1122276" />
   </i>
   <i t="statistics">
    <j l="21#wp1126665" />
   </i>
   <i t="unidentified applications">
    <j l="21#wp1114455" />
   </i>
   <i t="vs firewall">
    <j l="14#wp1093587" />
   </i>
  </i>
  <i t="AppPatrol">
   <i t="updating signatures">
    <j l="4#wp1082528" />
   </i>
  </i>
  <i t="AppPatrol, See application patrol.">
   <j l="4#wp1082528" />
  </i>
  <i t="ASCII-encoding">
   <j l="24#wp1032765" />
  </i>
  <i t="asymmetrical routes (firewall)">
   <j l="14#wp1102720" />
  </i>
  <i t="AT command strings">
   <j l="37#wp1159494" />
  </i>
  <i t="authentication">
   <i t="LDAP/AD">
    <j l="31#wp1148228" />
   </i>
  </i>
  <i t="authentication algorithms">
   <j l="8#wp1053223" />
   <j l="15#wp1145330" />
   <j l="15#wp1145348" />
   <j l="15#wp1140857" />
   <i t="and active protocol">
    <j l="15#wp1145348" />
   </i>
   <i t="and routing protocols">
    <j l="8#wp1053228" />
   </i>
   <i t="MD5">
    <j l="8#wp1053233" />
    <j l="15#wp1140859" />
   </i>
   <i t="SHA1">
    <j l="15#wp1140861" />
   </i>
   <i t="text">
    <j l="8#wp1053231" />
   </i>
  </i>
  <i t="Authentication Header. See AH.">
   <j l="15#wp1136647" />
  </i>
  <i t="authentication method">
   <j l="31#wp1148253" />
  </i>
  <i t="authentication methods">
   <j l="32#wp1112507" />
   <j l="32#wp1112676" />
   <i t="and AAA servers">
    <j l="32#wp1112507" />
   </i>
   <i t="and IKE SA">
    <j l="32#wp1112507" />
   </i>
   <i t="and users">
    <j l="27#wp1135474" />
   </i>
   <i t="and WWW">
    <j l="32#wp1112507" />
    <j l="37#wp1092080" />
   </i>
   <i t="where used">
    <j l="1#wp1147085" />
   </i>
  </i>
  <i t="authentication objects">
   <i t="create">
    <j l="32#wp1112671" />
   </i>
  </i>
  <i t="Authentication, Authorization, Accounting servers. See AAA servers.">
   <j l="31#wp1110336" />
  </i>
  <i t="AUX port">
   <j l="37#wp1159528" />
  </i>
  <i t="auxiliary interface">
   <j l="5#wp1152667" />
   <j l="5#wp1196763" />
   <j l="5#wp1196941" />
   <j l="37#wp1159528" />
   <i t="when used">
    <j l="5#wp1196772" />
   </i>
  </i>
 </g>
 <g t="B" o="002">
  <i t="backdoor">
   <j l="23#wp1032207" />
   <j l="23#wp1032220" />
  </i>
  <i t="backup">
   <i t="configuration files">
    <j l="38#wp1085551" />
   </i>
  </i>
  <i t="bad-length-options">
   <j l="24#wp1032831" />
  </i>
  <i t="bandwidth">
   <i t="usage statistics">
    <j l="21#wp1126678" />
   </i>
  </i>
  <i t="bandwidth management">
   <j l="21#wp1116199" />
   <i t="and policy routes">
    <j l="7#wp1028651" />
   </i>
   <i t="behavior">
    <j l="21#wp1132865" />
   </i>
   <i t="configured rate effect">
    <j l="21#wp1134432" />
   </i>
   <i t="in application patrol">
    <j l="21#wp1129494" />
   </i>
   <i t="interface, outbound. See interfaces.">
    <j l="1#wp1154446" />
   </i>
   <i t="maximize bandwidth usage">
    <j l="7#wp1051411" />
    <j l="7#wp1051303" />
    <j l="21#wp1125137" />
    <j l="21#wp1123997" />
    <j l="21#wp1140203" />
    <j l="21#wp1141227" />
    <j l="21#wp1149285" />
    <j l="21#wp1143585" />
   </i>
   <i t="OSI level-7. See application patrol.">
    <j l="1#wp1154450" />
   </i>
   <i t="over allotment of bandwidth">
    <j l="21#wp1134592" />
   </i>
   <i t="priority">
    <j l="21#wp1134592" />
   </i>
   <i t="priority effect">
    <j l="21#wp1141231" />
   </i>
   <i t="See also application patrol.">
    <j l="21#wp1116199" />
   </i>
   <i t="See also policy routes.">
    <j l="1#wp1154454" />
   </i>
  </i>
  <i t="bare byte encoding">
   <j l="24#wp1032769" />
  </i>
  <i t="Base DN">
   <j l="31#wp1148429" />
  </i>
  <i t="base profiles">
   <j l="23#wp1032074" />
   <j l="24#wp1032074" />
   <j l="24#wp1032112" />
  </i>
  <i t="base36-encoding">
   <j l="24#wp1032773" />
  </i>
  <i t="Bind DN">
   <j l="31#wp1148432" />
  </i>
  <i t="bindings">
   <j l="23#wp1031008" />
   <j l="24#wp1031008" />
  </i>
  <i t="Blaster">
   <j l="23#wp1031484" />
   <j l="24#wp1031484" />
  </i>
  <i t="bookmarks">
   <j l="17#wp1183006" />
  </i>
  <i t="boot module">
   <j l="38#wp1080035" />
  </i>
  <i t="bridge interfaces">
   <j l="5#wp1152664" />
   <j l="5#wp1195986" />
   <i t="basic characteristics">
    <j l="5#wp1152673" />
   </i>
   <i t="effect on routing table">
    <j l="5#wp1195996" />
   </i>
   <i t="member interfaces">
    <j l="5#wp1195990" />
   </i>
   <i t="virtual">
    <j l="5#wp1196834" />
   </i>
  </i>
  <i t="bridges">
   <j l="5#wp1195942" />
  </i>
  <i t="buffer overflow">
   <j l="23#wp1032206" />
  </i>
 </g>
 <g t="C" o="002">
  <i t="CA">
   <j l="33#wp1016939" />
   <j l="33#wp1016947" />
   <i t="and certificates">
    <j l="33#wp1016949" />
   </i>
  </i>
  <i t="Centralized Network Management">
   <i t="see Vantage CNM.">
    <j l="37#wp1157986" />
   </i>
  </i>
  <i t="Certificate Management Protocol (CMP)">
   <j l="33#wp1014598" />
  </i>
  <i t="Certificate Revocation List (CRL)">
   <j l="33#wp1016949" />
   <i t="vs OCSP">
    <j l="33#wp1026878" />
   </i>
  </i>
  <i t="certificates">
   <j l="33#wp1016938" />
   <i t="advantages">
    <j l="33#wp1016951" />
   </i>
   <i t="and CA">
    <j l="33#wp1016949" />
   </i>
   <i t="and FTP">
    <j l="37#wp1073166" />
   </i>
   <i t="and HTTPS">
    <j l="37#wp1005849" />
   </i>
   <i t="and IKE SA">
    <j l="15#wp1141137" />
   </i>
   <i t="and SSH">
    <j l="37#wp1064492" />
   </i>
   <i t="and synchronization (device HA)">
    <j l="26#wp1120289" />
   </i>
   <i t="and VPN gateways">
    <j l="15#wp1130239" />
   </i>
   <i t="and WWW">
    <j l="37#wp1063190" />
   </i>
   <i t="certification path">
    <j l="33#wp1040303" />
    <j l="33#wp1039465" />
    <j l="33#wp1016948" />
   </i>
   <i t="expired">
    <j l="33#wp1016948" />
   </i>
   <i t="factory-default">
    <j l="33#wp1021660" />
   </i>
   <i t="file formats">
    <j l="33#wp1021661" />
   </i>
   <i t="fingerprints">
    <j l="33#wp1040381" />
    <j l="33#wp1039585" />
   </i>
   <i t="importing">
    <j l="33#wp1022009" />
   </i>
   <i t="not used for encryption">
    <j l="33#wp1016946" />
   </i>
   <i t="revoked">
    <j l="33#wp1016948" />
   </i>
   <i t="self-signed">
    <j l="33#wp1014576" />
    <j l="33#wp1016955" />
   </i>
   <i t="serial number">
    <j l="33#wp1040329" />
    <j l="33#wp1039540" />
   </i>
   <i t="storage space">
    <j l="33#wp1025710" />
    <j l="33#wp1027066" />
   </i>
   <i t="thumbprint algorithms">
    <j l="33#wp1025289" />
   </i>
   <i t="thumbprints">
    <j l="33#wp1025289" />
   </i>
   <i t="used for authentication">
    <j l="33#wp1016946" />
   </i>
   <i t="verifying fingerprints">
    <j l="33#wp1025282" />
   </i>
   <i t="where used">
    <j l="1#wp1147089" />
   </i>
  </i>
  <i t="Certification Authority. See CA.">
   <j l="33#wp1016939" />
  </i>
  <i t="certification requests">
   <j l="33#wp1018388" />
   <j l="33#wp1014588" />
   <j l="33#wp1016939" />
  </i>
  <i t="change company logo on user screens">
   <j l="16#wp1154443" />
  </i>
  <i t="CLI">
   <j l="0#wp1137507" />
  </i>
  <i t="CNM">
   <j l="37#wp1157998" />
  </i>
  <i t="cold start">
   <j l="0#wp1144055" />
  </i>
  <i t="computer names">
   <j l="5#wp1222089" />
  </i>
  <i t="computer virus">
   <j l="22#wp1124396" />
  </i>
  <i t="configuration">
   <i t="granularity">
    <j l="1#wp1158391" />
   </i>
  </i>
  <i t="configuration example">
   <i t="web-based SSL application">
    <j l="35#wp1161178" />
   </i>
  </i>
  <i t="configuration files">
   <j l="38#wp1091138" />
   <j l="38#wp1086437" />
   <i t="at restart">
    <j l="38#wp1086448" />
   </i>
   <i t="backup">
    <j l="38#wp1085551" />
   </i>
   <i t="downloading">
    <j l="38#wp1081379" />
   </i>
   <i t="downloading with FTP">
    <j l="37#wp1006228" />
   </i>
   <i t="editing">
    <j l="38#wp1086437" />
   </i>
   <i t="lastgood.conf">
    <j l="38#wp1086443" />
   </i>
   <i t="managing">
    <j l="38#wp1085548" />
   </i>
   <i t="not stopping or starting the ZyWALL">
    <j l="0#wp1144108" />
   </i>
   <i t="startup-config-bad.conf">
    <j l="38#wp1086443" />
   </i>
   <i t="startup-config.conf">
    <j l="38#wp1086439" />
   </i>
   <i t="system-default.conf">
    <j l="38#wp1086438" />
   </i>
   <i t="uploading">
    <j l="38#wp1081432" />
   </i>
   <i t="uploading with FTP">
    <j l="37#wp1006228" />
   </i>
   <i t="use without restart">
    <j l="38#wp1086437" />
   </i>
   <i t="way the ZyWALL runs">
    <j l="38#wp1089035" />
   </i>
  </i>
  <i t="configuration information">
   <j l="41#wp1074217" />
  </i>
  <i t="connection monitor">
   <i t="SSL">
    <j l="16#wp1163508" />
   </i>
  </i>
  <i t="console port">
   <j l="0#wp1137513" />
   <i t="speed">
    <j l="36#wp1070443" />
   </i>
  </i>
  <i t="content (pattern)">
   <j l="23#wp1033679" />
  </i>
  <i t="content filtering">
   <j l="25#wp1071355" />
   <j l="25#wp1085400" />
   <i t="and address groups">
    <j l="25#wp1085158" />
    <j l="25#wp1072113" />
    <j l="25#wp1085400" />
   </i>
   <i t="and address objects">
    <j l="25#wp1085158" />
    <j l="25#wp1072113" />
    <j l="25#wp1085400" />
   </i>
   <i t="and registration">
    <j l="25#wp1084920" />
   </i>
   <i t="and schedules">
    <j l="25#wp1093348" />
    <j l="25#wp1072034" />
    <j l="25#wp1085400" />
   </i>
   <i t="and user groups">
    <j l="25#wp1072113" />
   </i>
   <i t="and users">
    <j l="25#wp1072113" />
   </i>
   <i t="by category">
    <j l="25#wp1067188" />
    <j l="25#wp1072364" />
    <j l="25#wp1087468" />
   </i>
   <i t="by keyword (in URL)">
    <j l="25#wp1007280" />
    <j l="25#wp1042296" />
    <j l="25#wp1007319" />
   </i>
   <i t="by URL">
    <j l="25#wp1007240" />
    <j l="25#wp1007260" />
    <j l="25#wp1042296" />
   </i>
   <i t="by web feature">
    <j l="25#wp1067817" />
    <j l="25#wp1006742" />
   </i>
   <i t="categories">
    <j l="25#wp1067188" />
   </i>
   <i t="configuration overview">
    <j l="1#wp1146947" />
   </i>
   <i t="default policy">
    <j l="25#wp1094402" />
    <j l="25#wp1085400" />
   </i>
   <i t="external web filtering service">
    <j l="25#wp1067160" />
   </i>
   <i t="filter list">
    <j l="25#wp1042296" />
   </i>
   <i t="message for blocked access">
    <j l="25#wp1084896" />
   </i>
   <i t="policies">
    <j l="25#wp1072275" />
    <j l="25#wp1085400" />
   </i>
   <i t="prerequisites">
    <j l="1#wp1146955" />
   </i>
   <i t="registration status">
    <j l="3#wp1068994" />
    <j l="25#wp1082150" />
    <j l="25#wp1084920" />
    <j l="25#wp1084944" />
   </i>
   <i t="testing">
    <j l="25#wp1067413" />
   </i>
   <i t="trial service activation">
    <j l="3#wp1069276" />
   </i>
   <i t="uncategorized pages">
    <j l="25#wp1067170" />
   </i>
   <i t="URL for blocked access">
    <j l="25#wp1084900" />
   </i>
  </i>
  <i t="content filtering reports">
   <i t="how to look at">
    <j l="25#wp1074105" />
   </i>
  </i>
  <i t="cookies">
   <j l="25#wp1067830" />
  </i>
  <i t="current date/time">
   <j l="2#wp1112370" />
   <i t="and schedules">
    <j l="30#wp1108884" />
   </i>
   <i t="daylight savings">
    <j l="36#wp1070343" />
   </i>
   <i t="setting manually">
    <j l="36#wp1070421" />
   </i>
   <i t="time server">
    <j l="36#wp1070430" />
   </i>
  </i>
  <i t="current user list">
   <j l="16#wp1163508" />
  </i>
  <i t="custom signatures">
   <j l="23#wp1033344" />
   <i t="applying">
    <j l="23#wp1033733" />
   </i>
   <i t="verifying">
    <j l="23#wp1033739" />
   </i>
  </i>
  <i t="custom.rules">
   <j l="23#wp1033480" />
  </i>
 </g>
 <g t="D" o="002">
  <i t="Data Encryption Standard. See DES.">
   <j l="15#wp1140844" />
  </i>
  <i t="Data Terminal Ready. See DTR">
   <j l="37#wp1159498" />
  </i>
  <i t="daylight savings">
   <j l="36#wp1070343" />
  </i>
  <i t="DDNS">
   <j l="10#wp1105106" />
   <i t="backup">
    <j l="10#wp1107546" />
   </i>
   <i t="configuration overview">
    <j l="1#wp1146839" />
   </i>
   <i t="high availability (HA)">
    <j l="10#wp1105275" />
   </i>
   <i t="IP address update policies">
    <j l="10#wp1106361" />
   </i>
   <i t="mail exchanger">
    <j l="10#wp1107545" />
   </i>
   <i t="prerequisites">
    <j l="1#wp1146846" />
   </i>
   <i t="service providers">
    <j l="10#wp1105186" />
   </i>
   <i t="type of service">
    <j l="10#wp1105347" />
   </i>
   <i t="wildcard">
    <j l="10#wp1105248" />
   </i>
  </i>
  <i t="Default_L2TP_VPN_Connection">
   <j l="20#wp1173941" />
  </i>
  <i t="Default_L2TP_VPN_GW">
   <j l="20#wp1173945" />
  </i>
  <i t="DES">
   <j l="15#wp1140844" />
  </i>
  <i t="device HA">
   <i t="configuration overview">
    <j l="1#wp1146827" />
   </i>
   <i t="prerequisites">
    <j l="1#wp1146835" />
   </i>
  </i>
  <i t="DHCP">
   <j l="5#wp1155857" />
   <j l="36#wp1070233" />
   <i t="and DNS servers">
    <j l="5#wp1156245" />
   </i>
   <i t="and domain name">
    <j l="36#wp1070231" />
   </i>
   <i t="and interfaces">
    <j l="5#wp1155982" />
   </i>
   <i t="client list">
    <j l="2#wp1112487" />
   </i>
   <i t="pool">
    <j l="5#wp1187269" />
   </i>
   <i t="static DHCP">
    <j l="5#wp1187269" />
   </i>
  </i>
  <i t="diagnostics">
   <j l="41#wp1074217" />
  </i>
  <i t="DIAL BACKUP port">
   <j l="5#wp1152667" />
   <j l="5#wp1196763" />
   <j l="37#wp1159528" />
   <i t="See also auxiliary interface.">
    <j l="5#wp1196763" />
   </i>
  </i>
  <i t="dial-in management">
   <j l="37#wp1159528" />
   <i t="answer rings">
    <j l="37#wp1159189" />
   </i>
   <i t="AT command strings">
    <j l="37#wp1159494" />
   </i>
   <i t="Dial string">
    <j l="37#wp1159494" />
   </i>
   <i t="DTR">
    <j l="37#wp1159498" />
   </i>
   <i t="initial string">
    <j l="37#wp1159238" />
   </i>
   <i t="mute">
    <j l="37#wp1159169" />
   </i>
   <i t="port speed">
    <j l="37#wp1159227" />
   </i>
   <i t="response strings">
    <j l="37#wp1159507" />
   </i>
  </i>
  <i t="Differentiated Services Code Point (DSCP)">
   <j l="23#wp1033375" />
  </i>
  <i t="Diffie-Hellman key group">
   <j l="15#wp1140904" />
   <i t="Perfect Forward Secrecy (PFS)">
    <j l="15#wp1136825" />
   </i>
  </i>
  <i t="directory service">
   <j l="31#wp1148530" />
   <i t="file structure">
    <j l="31#wp1148277" />
   </i>
  </i>
  <i t="directory traversals">
   <j l="24#wp1032777" />
  </i>
  <i t="Distinguished Name (DN)">
   <j l="31#wp1148424" />
  </i>
  <i t="distributed port scans">
   <j l="24#wp1032582" />
  </i>
  <i t="DNS">
   <j l="36#wp1063661" />
   <j l="36#wp1058872" />
   <i t="address records">
    <j l="36#wp1130084" />
   </i>
   <i t="domain name forwarders">
    <j l="36#wp1129882" />
   </i>
   <i t="domain name to IP address">
    <j l="36#wp1130084" />
   </i>
   <i t="IP address to domain name">
    <j l="36#wp1060033" />
   </i>
   <i t="L2TP VPN">
    <j l="20#wp1159667" />
   </i>
   <i t="Mail eXchange (MX) records">
    <j l="36#wp1130267" />
   </i>
   <i t="pointer (PTR) records">
    <j l="36#wp1060033" />
   </i>
  </i>
  <i t="DNS servers">
   <j l="36#wp1058105" />
   <j l="36#wp1129882" />
   <i t="and interfaces">
    <j l="5#wp1156245" />
   </i>
  </i>
  <i t="Domain Name System. See DNS.">
   <j l="36#wp1063661" />
  </i>
  <i t="double-encoding">
   <j l="24#wp1032779" />
  </i>
  <i t="DTR">
   <j l="37#wp1159498" />
   <j l="37#wp1159498" />
  </i>
  <i t="Dynamic Domain Name System. See DDNS.">
   <j l="10#wp1105106" />
  </i>
  <i t="Dynamic Host Configuration Protocol. See DHCP.">
   <j l="5#wp1155857" />
  </i>
  <i t="DynDNS">
   <j l="10#wp1105186" />
   <i t="see also DDNS.">
    <j l="10#wp1105186" />
   </i>
  </i>
 </g>
 <g t="E" o="002">
  <i t="e-Donkey">
   <j l="23#wp1032174" />
  </i>
  <i t="e-Mule">
   <j l="23#wp1032174" />
  </i>
  <i t="EGP (Exterior Gateway Protocol)">
   <j l="24#wp1032575" />
  </i>
  <i t="EICAR">
   <j l="22#wp1133122" />
  </i>
  <i t="Encapsulating Security Payload. See ESP.">
   <j l="15#wp1136647" />
  </i>
  <i t="encapsulation">
   <i t="transport mode">
    <j l="15#wp1136658" />
   </i>
   <i t="tunnel mode">
    <j l="15#wp1136658" />
   </i>
   <i t="VPN">
    <j l="15#wp1136656" />
   </i>
  </i>
  <i t="encryption algorithms">
   <j l="15#wp1145348" />
   <j l="15#wp1140842" />
   <i t="3DES">
    <j l="15#wp1140846" />
   </i>
   <i t="AES">
    <j l="15#wp1140848" />
   </i>
   <i t="and active protocol">
    <j l="15#wp1145348" />
   </i>
   <i t="DES">
    <j l="15#wp1140844" />
   </i>
  </i>
  <i t="end of IP list">
   <j l="23#wp1033415" />
  </i>
  <i t="ESP">
   <j l="15#wp1136647" />
   <i t="and transport mode">
    <j l="15#wp1136813" />
   </i>
  </i>
  <i t="Ethernet interfaces">
   <j l="5#wp1152662" />
   <j l="5#wp1197278" />
   <i t="and OSPF">
    <j l="5#wp1194430" />
   </i>
   <i t="and routing protocols">
    <j l="5#wp1194408" />
   </i>
   <i t="basic characteristics">
    <j l="5#wp1152673" />
   </i>
   <i t="virtual">
    <j l="5#wp1196834" />
   </i>
  </i>
  <i t="experimental-options">
   <j l="24#wp1032835" />
  </i>
  <i t="extended authentication">
   <i t="and VPN gateways">
    <j l="15#wp1130074" />
   </i>
   <i t="IKE SA">
    <j l="15#wp1141117" />
   </i>
  </i>
  <i t="external modems">
   <j l="5#wp1196767" />
  </i>
 </g>
 <g t="F" o="002">
  <i t="false negatives">
   <j l="23#wp1032149" />
   <j l="24#wp1032149" />
  </i>
  <i t="false positives">
   <j l="23#wp1032149" />
   <j l="24#wp1060697" />
   <j l="24#wp1032149" />
  </i>
  <i t="file decompression">
   <i t="anti-virus">
    <j l="22#wp1132880" />
   </i>
  </i>
  <i t="file extensions">
   <i t="configuration files">
    <j l="38#wp1091147" />
   </i>
   <i t="shell scripts">
    <j l="38#wp1091147" />
   </i>
  </i>
  <i t="file sharing SSL application">
   <j l="35#wp1161054" />
   <i t="create">
    <j l="35#wp1161268" />
   </i>
  </i>
  <i t="filtered port scan">
   <j l="24#wp1032594" />
  </i>
  <i t="firewall">
   <j l="14#wp1071563" />
   <i t="actions">
    <j l="14#wp1089059" />
   </i>
   <i t="and address groups">
    <j l="14#wp1116128" />
   </i>
   <i t="and address objects">
    <j l="14#wp1116128" />
   </i>
   <i t="and alerts">
    <j l="14#wp1065217" />
   </i>
   <i t="and ALG">
    <j l="13#wp1022982" />
    <j l="13#wp1023098" />
   </i>
   <i t="and application patrol">
    <j l="21#wp1116200" />
   </i>
   <i t="and H.323 (ALG)">
    <j l="13#wp1023044" />
   </i>
   <i t="and HTTP redirect">
    <j l="12#wp1038543" />
   </i>
   <i t="and IPSec SA">
    <j l="14#wp1099434" />
   </i>
   <i t="and IPSec VPN">
    <j l="15#wp1137302" />
   </i>
   <i t="and logs">
    <j l="14#wp1072174" />
   </i>
   <i t="and port triggering">
    <j l="7#wp1045077" />
   </i>
   <i t="and schedules">
    <j l="14#wp1115960" />
    <j l="21#wp1124209" />
    <j l="21#wp1124858" />
    <j l="21#wp1125051" />
    <j l="21#wp1123759" />
   </i>
   <i t="and service groups">
    <j l="14#wp1116183" />
   </i>
   <i t="and services">
    <j l="14#wp1116183" />
    <j l="29#wp1110268" />
   </i>
   <i t="and SIP (ALG)">
    <j l="13#wp1013338" />
   </i>
   <i t="and user groups">
    <j l="14#wp1116025" />
   </i>
   <i t="and users">
    <j l="14#wp1116025" />
   </i>
   <i t="and virtual servers">
    <j l="14#wp1094105" />
   </i>
   <i t="and VoIP pass through">
    <j l="13#wp1022317" />
    <j l="13#wp1022982" />
    <j l="13#wp1023098" />
   </i>
   <i t="and zones">
    <j l="14#wp1102086" />
    <j l="14#wp1092631" />
   </i>
   <i t="asymmetrical routes">
    <j l="14#wp1102720" />
   </i>
   <i t="configuration overview">
    <j l="1#wp1146887" />
   </i>
   <i t="criteria">
    <j l="14#wp1103507" />
   </i>
   <i t="global rules">
    <j l="14#wp1100052" />
   </i>
   <i t="prerequisites">
    <j l="1#wp1146897" />
   </i>
   <i t="priority">
    <j l="14#wp1102098" />
   </i>
   <i t="sessions, number of">
    <j l="14#wp1102031" />
   </i>
   <i t="to-ZyWALL. See also to-ZyWALL firewall.">
    <j l="14#wp1071563" />
    <j l="14#wp1099411" />
   </i>
   <i t="triangle routes">
    <j l="14#wp1102720" />
   </i>
   <i t="vs application patrol">
    <j l="14#wp1093587" />
   </i>
  </i>
  <i t="firmware">
   <i t="and restart">
    <j l="38#wp1099635" />
   </i>
   <i t="boot module. See boot module.">
    <j l="38#wp1080035" />
   </i>
   <i t="current version">
    <j l="2#wp1112231" />
    <j l="38#wp1080048" />
   </i>
   <i t="getting updated">
    <j l="38#wp1099635" />
   </i>
   <i t="uploading">
    <j l="38#wp1079515" />
   </i>
   <i t="uploading with FTP">
    <j l="37#wp1006228" />
   </i>
  </i>
  <i t="flags">
   <j l="23#wp1033385" />
  </i>
  <i t="force log out">
   <j l="16#wp1163541" />
  </i>
  <i t="force user authentication policies">
   <j l="27#wp1126858" />
   <i t="and address groups">
    <j l="27#wp1145502" />
    <j l="27#wp1126972" />
   </i>
   <i t="and address objects">
    <j l="27#wp1145502" />
    <j l="27#wp1126972" />
   </i>
   <i t="and schedules">
    <j l="27#wp1127170" />
   </i>
   <i t="prerequisites">
    <j l="1#wp1184249" />
   </i>
  </i>
  <i t="fragmentation flag">
   <j l="23#wp1033575" />
  </i>
  <i t="fragmentation offset">
   <j l="23#wp1033579" />
  </i>
  <i t="FTP">
   <j l="37#wp1006228" />
   <i t="additional signaling port">
    <j l="13#wp1030064" />
   </i>
   <i t="and address groups">
    <j l="37#wp1065006" />
   </i>
   <i t="and address objects">
    <j l="37#wp1065006" />
   </i>
   <i t="and certificates">
    <j l="37#wp1073166" />
   </i>
   <i t="and zones">
    <j l="37#wp1065002" />
   </i>
   <i t="signaling port">
    <j l="13#wp1030060" />
   </i>
   <i t="with Transport Layer Security (TLS)">
    <j l="37#wp1073152" />
   </i>
  </i>
  <i t="full-tunnel mode">
   <j l="16#wp1167661" />
  </i>
  <i t="Fully-Qualified Domain Name (FQDN)">
   <j l="36#wp1130084" />
  </i>
 </g>
 <g t="G" o="002">
  <i t="gateway policy. See VPN gateways.">
   <j l="1#wp1160030" />
  </i>
  <i t="Generic Routing Encapsulation. See GRE.">
   <j l="5#wp1196559" />
  </i>
  <i t="global SSL setting">
   <i t="user portal logo">
    <j l="16#wp1154443" />
   </i>
  </i>
  <i t="GRE">
   <j l="5#wp1196559" />
  </i>
 </g>
 <g t="H" o="002">
  <i t="H.323">
   <j l="13#wp1015463" />
   <i t="additional signaling port">
    <j l="13#wp1029977" />
   </i>
   <i t="and firewall">
    <j l="13#wp1023044" />
   </i>
   <i t="and RTP">
    <j l="13#wp1015628" />
   </i>
   <i t="signaling port">
    <j l="13#wp1029996" />
   </i>
  </i>
  <i t="H.323. See also ALG.">
   <j l="13#wp1015463" />
  </i>
  <i t="header checksum">
   <j l="23#wp1033401" />
  </i>
  <i t="host-based intrusions">
   <j l="23#wp1031479" />
   <j l="24#wp1031479" />
  </i>
  <i t="HTTP">
   <i t="redirect to HTTPS">
    <j l="37#wp1063194" />
   </i>
  </i>
  <i t="HTTP Inspection">
   <j l="24#wp1038336" />
  </i>
  <i t="HTTP over SSL. See HTTPS.">
   <j l="37#wp1005848" />
  </i>
  <i t="HTTP redirect">
   <j l="12#wp1038497" />
   <i t="and application patrol">
    <j l="12#wp1038544" />
   </i>
   <i t="and firewall">
    <j l="12#wp1038543" />
   </i>
   <i t="and interfaces">
    <j l="12#wp1027372" />
   </i>
   <i t="and policy routes">
    <j l="12#wp1038554" />
    <j l="12#wp1038653" />
   </i>
   <i t="configuration overview">
    <j l="1#wp1146988" />
   </i>
   <i t="packet flow">
    <j l="12#wp1038433" />
   </i>
   <i t="prerequisites">
    <j l="1#wp1146996" />
   </i>
  </i>
  <i t="HTTPS">
   <j l="37#wp1005848" />
   <i t="and certificates">
    <j l="37#wp1005849" />
   </i>
   <i t="authenticating clients">
    <j l="37#wp1005850" />
   </i>
  </i>
  <i t="hub-and-spoke VPN. See VPN concentrator.">
   <j l="1#wp1154213" />
   <j l="15#wp1140137" />
  </i>
  <i t="HyperText Transfer Protocol over Secure Socket Layer. See HTTPS.">
   <j l="37#wp1005848" />
  </i>
 </g>
 <g t="I" o="002">
  <i t="ICMP">
   <j l="29#wp1110121" />
  </i>
  <i t="ICMP code">
   <j l="23#wp1033653" />
  </i>
  <i t="ICMP Decoder">
   <j l="24#wp1038336" />
  </i>
  <i t="ICMP echo">
   <j l="24#wp1032631" />
  </i>
  <i t="ICMP flood">
   <j l="24#wp1032629" />
  </i>
  <i t="ICMP portsweep">
   <j l="24#wp1032591" />
  </i>
  <i t="ICMP sequence number">
   <j l="23#wp1033661" />
  </i>
  <i t="ICMP type">
   <j l="23#wp1033649" />
  </i>
  <i t="ICMP unreachable">
   <j l="24#wp1032594" />
  </i>
  <i t="identification (IP)">
   <j l="23#wp1033571" />
  </i>
  <i t="IDP">
   <i t="action">
    <j l="23#wp1065742" />
   </i>
   <i t="alerts">
    <j l="23#wp1065735" />
   </i>
   <i t="and services">
    <j l="29#wp1110268" />
   </i>
   <i t="applying custom signatures">
    <j l="23#wp1033733" />
   </i>
   <i t="base profiles">
    <j l="23#wp1032074" />
   </i>
   <i t="bindings">
    <j l="23#wp1031008" />
   </i>
   <i t="configuration overview">
    <j l="1#wp1189358" />
   </i>
   <i t="custom signatures">
    <j l="23#wp1033344" />
   </i>
   <i t="false negatives">
    <j l="23#wp1032149" />
   </i>
   <i t="false positives">
    <j l="23#wp1032149" />
   </i>
   <i t="inline profile">
    <j l="23#wp1032150" />
   </i>
   <i t="license status">
    <j l="2#wp1112919" />
    <j l="2#wp1121701" />
   </i>
   <i t="log options">
    <j l="23#wp1065729" />
   </i>
   <i t="packet inspection profiles">
    <j l="23#wp1032152" />
   </i>
   <i t="packet inspection signatures">
    <i t="signatures">
     <i t="packet inspection">
      <j l="23#wp1032152" />
     </i>
    </i>
   </i>
   <i t="policy types">
    <j l="23#wp1032156" />
   </i>
   <i t="prerequisites">
    <j l="1#wp1146944" />
   </i>
   <i t="profiles">
    <j l="23#wp1031168" />
    <j l="23#wp1031408" />
   </i>
   <i t="query view">
    <j l="23#wp1065684" />
    <j l="23#wp1032433" />
   </i>
   <i t="registration status">
    <j l="3#wp1068994" />
    <j l="23#wp1031180" />
   </i>
   <i t="reject sender">
    <j l="23#wp1065745" />
   </i>
   <i t="reject-both">
    <j l="23#wp1065749" />
   </i>
   <i t="reject-receiver">
    <j l="23#wp1065747" />
   </i>
   <i t="severity">
    <j l="23#wp1065703" />
   </i>
   <i t="signature ID">
    <j l="23#wp1065700" />
   </i>
   <i t="signatures">
    <i t="signatures">
     <i t="IDP">
      <j l="23#wp1054882" />
     </i>
    </i>
   </i>
   <i t="traffic directions">
    <j l="23#wp1031408" />
   </i>
   <i t="updating signatures">
    <j l="4#wp1082528" />
   </i>
   <i t="verifying custom signatures">
    <j l="23#wp1033739" />
   </i>
  </i>
  <i t="IDP and AppPatrol">
   <i t="trial service activation">
    <j l="3#wp1083048" />
   </i>
  </i>
  <i t="IDP profiles">
   <j l="23#wp1057699" />
  </i>
  <i t="IDP service group">
   <j l="23#wp1032313" />
  </i>
  <i t="IDP signature categories">
   <j l="23#wp1032156" />
  </i>
  <i t="IDP signatures">
   <i t="and synchronization (device HA)">
    <j l="26#wp1129078" />
   </i>
  </i>
  <i t="IEEE 802.1q. See VLAN.">
   <j l="5#wp1195469" />
  </i>
  <i t="IGP (Interior Gateway Protocol)">
   <j l="24#wp1032575" />
  </i>
  <i t="IHL (IP Header Length)">
   <j l="23#wp1033371" />
  </i>
  <i t="IIS server">
   <j l="24#wp1032769" />
  </i>
  <i t="IIS unicode">
   <j l="24#wp1032789" />
  </i>
  <i t="IKE SA">
   <i t="aggressive mode">
    <j l="15#wp1140754" />
    <j l="15#wp1141066" />
    <j l="15#wp1141085" />
   </i>
   <i t="and authentication methods">
    <j l="32#wp1112507" />
   </i>
   <i t="and certificates">
    <j l="15#wp1141137" />
   </i>
   <i t="and RADIUS">
    <j l="15#wp1141121" />
   </i>
   <i t="and to-ZyWALL firewall">
    <j l="15#wp1137244" />
   </i>
   <i t="authentication algorithms">
    <j l="15#wp1145330" />
    <j l="15#wp1145348" />
    <j l="15#wp1140857" />
   </i>
   <i t="configuration overview">
    <j l="1#wp1146782" />
   </i>
   <i t="content">
    <j l="15#wp1140968" />
   </i>
   <i t="dead peer detection (DPD)">
    <j l="15#wp1156849" />
   </i>
   <i t="Diffie-Hellman key group">
    <j l="15#wp1140904" />
   </i>
   <i t="encryption algorithms">
    <j l="15#wp1145348" />
    <j l="15#wp1140842" />
   </i>
   <i t="extended authentication">
    <j l="15#wp1141117" />
   </i>
   <i t="ID type">
    <j l="15#wp1140968" />
   </i>
   <i t="IP address, remote IPSec router">
    <j l="15#wp1140770" />
   </i>
   <i t="IP address, ZyXEL device">
    <j l="15#wp1140770" />
   </i>
   <i t="local identity">
    <j l="15#wp1140975" />
   </i>
   <i t="main mode">
    <j l="15#wp1140754" />
    <j l="15#wp1141066" />
    <j l="15#wp1141068" />
   </i>
   <i t="negotiation mode">
    <j l="15#wp1140754" />
   </i>
   <i t="password">
    <j l="15#wp1141121" />
   </i>
   <i t="peer identity">
    <j l="15#wp1140975" />
   </i>
   <i t="pre-shared key">
    <j l="15#wp1140961" />
   </i>
   <i t="prerequisites">
    <j l="1#wp1163790" />
    <j l="1#wp1189097" />
    <j l="1#wp1183661" />
   </i>
   <i t="proposal">
    <j l="15#wp1140781" />
   </i>
   <i t="user name">
    <j l="15#wp1141121" />
   </i>
  </i>
  <i t="IKE SA. See also VPN.">
   <j l="15#wp1140748" />
  </i>
  <i t="initial string">
   <j l="37#wp1159238" />
  </i>
  <i t="inline profile">
   <j l="23#wp1032150" />
   <j l="24#wp1032150" />
  </i>
  <i t="instant messenger (IM)">
   <i t="managing">
    <j l="3#wp1084303" />
    <j l="21#wp1116199" />
   </i>
  </i>
  <i t="interface">
   <i t="status">
    <j l="2#wp1112851" />
    <j l="5#wp1220943" />
   </i>
  </i>
  <i t="interfaces">
   <i t="and DNS servers">
    <j l="5#wp1156245" />
   </i>
   <i t="and HTTP redirect">
    <j l="12#wp1027372" />
   </i>
   <i t="and layer-3 virtualization">
    <j l="5#wp1192645" />
   </i>
   <i t="and physical ports">
    <j l="1#wp1171693" />
    <j l="5#wp1192631" />
   </i>
   <i t="and policy routes">
    <j l="7#wp1027450" />
    <j l="7#wp1055638" />
   </i>
   <i t="and static routes">
    <j l="7#wp1054068" />
   </i>
   <i t="and virtual servers">
    <j l="11#wp1051219" />
   </i>
   <i t="and VPN gateways">
    <j l="15#wp1130152" />
   </i>
   <i t="and VRRP groups">
    <j l="26#wp1117504" />
   </i>
   <i t="and zones">
    <j l="1#wp1171693" />
    <j l="5#wp1192637" />
   </i>
   <i t="as DHCP relays">
    <j l="5#wp1154980" />
   </i>
   <i t="as DHCP servers">
    <j l="5#wp1155566" />
    <j l="36#wp1070231" />
   </i>
   <i t="auxiliary. See also auxiliary interface.">
    <j l="5#wp1152667" />
   </i>
   <i t="backup. See trunks.">
    <j l="6#wp1116464" />
   </i>
   <i t="bandwidth management">
    <j l="5#wp1151861" />
    <j l="6#wp1119097" />
   </i>
   <i t="bridge. See also bridge interfaces.">
    <j l="5#wp1152664" />
   </i>
   <i t="configuration overview">
    <j l="1#wp1146738" />
   </i>
   <i t="DHCP clients">
    <j l="5#wp1149994" />
   </i>
   <i t="Ethernet. See also Ethernet interfaces.">
    <j l="5#wp1152662" />
   </i>
   <i t="gateway">
    <j l="5#wp1177019" />
   </i>
   <i t="general characteristics">
    <j l="5#wp1152660" />
   </i>
   <i t="IP address">
    <j l="5#wp1149831" />
   </i>
   <i t="metric">
    <j l="5#wp1177019" />
   </i>
   <i t="MTU">
    <j l="5#wp1159992" />
   </i>
   <i t="overlapping IP address and subnet mask">
    <j l="5#wp1176965" />
   </i>
   <i t="ping check">
    <j l="5#wp1157135" />
   </i>
   <i t="port groups. See also port groups.">
    <j l="5#wp1152661" />
   </i>
   <i t="PPPoE/PPTP. See also PPPoE/PPTP interfaces.">
    <j l="5#wp1152665" />
   </i>
   <i t="prerequisites">
    <j l="1#wp1151805" />
    <j l="5#wp1149685" />
   </i>
   <i t="relationships between">
    <j l="5#wp1149685" />
   </i>
   <i t="static DHCP">
    <j l="5#wp1187269" />
   </i>
   <i t="subnet mask">
    <j l="5#wp1149831" />
   </i>
   <i t="trunks. See also trunks.">
    <j l="5#wp1152668" />
   </i>
   <i t="types">
    <j l="5#wp1192504" />
   </i>
   <i t="virtual. See also virtual interfaces.">
    <j l="5#wp1152666" />
   </i>
   <i t="VLAN. See also VLAN interfaces.">
    <j l="5#wp1152663" />
   </i>
   <i t="where used">
    <j l="1#wp1151809" />
   </i>
  </i>
  <i t="Internet Control Message Protocol. See ICMP.">
   <j l="29#wp1110121" />
  </i>
  <i t="Internet Protocol Security. See IPSec.">
   <j l="15#wp1136160" />
  </i>
  <i t="Internet Protocol. See IP.">
   <j l="23#wp1033347" />
  </i>
  <i t="intrusions">
   <i t="host">
    <j l="23#wp1031479" />
    <j l="24#wp1031479" />
   </i>
   <i t="network">
    <j l="23#wp1031484" />
    <j l="24#wp1031484" />
   </i>
  </i>
  <i t="IP">
   <j l="23#wp1033347" />
  </i>
  <i t="IP alias. See virtual interfaces.">
   <j l="1#wp1153978" />
  </i>
  <i t="IP decoy portscan">
   <j l="24#wp1032580" />
  </i>
  <i t="IP distributed portscan">
   <j l="24#wp1032585" />
  </i>
  <i t="IP options">
   <j l="23#wp1033415" />
   <j l="23#wp1033587" />
  </i>
  <i t="IP policy routing. See policy routes.">
   <j l="7#wp1025403" />
  </i>
  <i t="IP pool">
   <j l="16#wp1167664" />
  </i>
  <i t="IP portscan">
   <j l="24#wp1032574" />
  </i>
  <i t="IP portsweep">
   <j l="24#wp1032590" />
  </i>
  <i t="IP protocols">
   <j l="29#wp1109953" />
   <i t="ICMP. See ICMP.">
    <j l="29#wp1110121" />
   </i>
   <i t="TCP. See TCP.">
    <j l="29#wp1111175" />
   </i>
   <i t="UDP. See UDP.">
    <j l="29#wp1111175" />
   </i>
  </i>
  <i t="IP security option">
   <j l="23#wp1033415" />
  </i>
  <i t="IP static routes. See static routes.">
   <j l="7#wp1005781" />
  </i>
  <i t="IP stream identifier">
   <j l="23#wp1033415" />
  </i>
  <i t="IP v4 packet headers">
   <j l="23#wp1033356" />
  </i>
  <i t="IPSec">
   <j l="15#wp1136160" />
   <i t="basic troubleshooting">
    <j l="15#wp1127701" />
   </i>
   <i t="connections">
    <j l="15#wp1130693" />
   </i>
   <i t="Default_L2TP_VPN_Connection">
    <j l="20#wp1173941" />
   </i>
   <i t="Default_L2TP_VPN_GW">
    <j l="20#wp1173945" />
   </i>
   <i t="L2TP VPN">
    <j l="20#wp1173121" />
   </i>
   <i t="SA">
    <j l="15#wp1136629" />
   </i>
   <i t="SA monitor">
    <j l="15#wp1072852" />
   </i>
   <i t="See also VPN.">
    <j l="15#wp1136160" />
   </i>
  </i>
  <i t="IPSec SA">
   <i t="active protocol">
    <j l="15#wp1136647" />
   </i>
   <i t="and firewall">
    <j l="14#wp1099434" />
    <j l="15#wp1137302" />
   </i>
   <i t="and to-ZyWALL firewall">
    <j l="15#wp1137244" />
   </i>
   <i t="authentication algorithms">
    <j l="15#wp1145330" />
    <j l="15#wp1145348" />
    <j l="15#wp1140857" />
   </i>
   <i t="authentication key (manual keys)">
    <j l="15#wp1136861" />
   </i>
   <i t="configuration overview">
    <j l="1#wp1146782" />
   </i>
   <i t="destination NAT for inbound traffic">
    <j l="15#wp1136911" />
   </i>
   <i t="encapsulation">
    <j l="15#wp1136656" />
   </i>
   <i t="encryption algorithms">
    <j l="15#wp1145348" />
    <j l="15#wp1140842" />
   </i>
   <i t="encryption key (manual keys)">
    <j l="15#wp1136861" />
   </i>
   <i t="local policy">
    <j l="15#wp1136641" />
   </i>
   <i t="manual keys">
    <j l="15#wp1136845" />
   </i>
   <i t="NAT for inbound traffic">
    <j l="15#wp1136874" />
   </i>
   <i t="NAT for outbound traffic">
    <j l="15#wp1136874" />
   </i>
   <i t="overlapping policies">
    <j l="15#wp1135186" />
   </i>
   <i t="Perfect Forward Secrecy (PFS)">
    <j l="15#wp1136825" />
   </i>
   <i t="policy enforcement">
    <j l="15#wp1143371" />
   </i>
   <i t="prerequisites">
    <j l="1#wp1163790" />
    <j l="1#wp1189097" />
    <j l="1#wp1183661" />
   </i>
   <i t="proposal">
    <j l="15#wp1136825" />
   </i>
   <i t="remote policy">
    <j l="15#wp1136641" />
   </i>
   <i t="search by name">
    <j l="15#wp1166331" />
   </i>
   <i t="search by policy">
    <j l="15#wp1166339" />
   </i>
   <i t="Security Parameter Index (SPI) (manual keys)">
    <j l="15#wp1136863" />
   </i>
   <i t="source NAT for inbound traffic">
    <j l="15#wp1136905" />
   </i>
   <i t="source NAT for outbound traffic">
    <j l="15#wp1136892" />
   </i>
   <i t="status">
    <j l="15#wp1072852" />
   </i>
   <i t="transport mode">
    <j l="15#wp1136658" />
   </i>
   <i t="tunnel mode">
    <j l="15#wp1136658" />
   </i>
   <i t="when IKE SA is disconnected">
    <j l="15#wp1136634" />
   </i>
   <i t="where used">
    <j l="1#wp1163797" />
    <j l="1#wp1189105" />
    <j l="1#wp1183669" />
   </i>
  </i>
  <i t="IPSec SA. See also VPN.">
   <j l="15#wp1136629" />
  </i>
  <i t="ISP accounts">
   <j l="34#wp1051996" />
   <i t="and PPPoE/PPTP interfaces">
    <j l="5#wp1196571" />
    <j l="34#wp1051996" />
   </i>
   <i t="authentication type">
    <j l="34#wp1051231" />
   </i>
   <i t="encryption method">
    <j l="34#wp1051223" />
   </i>
   <i t="stac compression">
    <j l="34#wp1051267" />
   </i>
  </i>
 </g>
 <g t="J" o="002">
  <i t="Java">
   <j l="25#wp1067826" />
  </i>
 </g>
 <g t="K" o="002">
  <i t="kick out user">
   <j l="16#wp1163541" />
  </i>
  <i t="kill user session">
   <j l="16#wp1163541" />
  </i>
 </g>
 <g t="L" o="002">
  <i t="L2TP VPN">
   <j l="20#wp1159030" />
   <i t="Default_L2TP_VPN_Connection">
    <j l="20#wp1173941" />
   </i>
   <i t="Default_L2TP_VPN_GW">
    <j l="20#wp1173945" />
   </i>
   <i t="DNS">
    <j l="20#wp1159667" />
   </i>
   <i t="IPSec configuration">
    <j l="20#wp1173121" />
   </i>
   <i t="policy route">
    <j l="20#wp1175093" />
   </i>
  </i>
  <i t="LAND attack">
   <j l="24#wp1032656" />
  </i>
  <i t="lastgood.conf">
   <j l="38#wp1086443" />
  </i>
  <i t="Layer 2 Tunneling Protocol Virtual Private Network, See L2TP VPN.">
   <j l="20#wp1172792" />
  </i>
  <i t="LDAP">
   <j l="31#wp1148530" />
   <i t="and users">
    <j l="27#wp1135474" />
   </i>
   <i t="CN identifier">
    <j l="31#wp1148951" />
   </i>
  </i>
  <i t="LDAP (Lightweight Directory Access Protocol)">
   <j l="31#wp1148228" />
  </i>
  <i t="LDAP directory structure">
   <j l="31#wp1148275" />
  </i>
  <i t="least load first (for load balancing)">
   <j l="6#wp1116483" />
  </i>
  <i t="license key">
   <j l="3#wp1069010" />
  </i>
  <i t="load balancing">
   <j l="6#wp1116474" />
   <i t="algorithms">
    <j l="6#wp1119046" />
    <j l="6#wp1116478" />
   </i>
   <i t="least load first">
    <j l="6#wp1116483" />
   </i>
   <i t="session-oriented">
    <j l="6#wp1116478" />
   </i>
   <i t="spillover">
    <j l="6#wp1116546" />
   </i>
   <i t="weighted round robin">
    <j l="6#wp1116537" />
   </i>
  </i>
  <i t="load balancing. See also trunks.">
   <j l="6#wp1116464" />
  </i>
  <i t="local user database">
   <j l="31#wp1110734" />
  </i>
  <i t="log messages">
   <j l="39#wp1108194" />
   <i t="categories">
    <j l="39#wp1106438" />
    <j l="39#wp1109933" />
    <j l="39#wp1123328" />
   </i>
   <i t="debugging">
    <j l="39#wp1111636" />
   </i>
   <i t="regular">
    <j l="39#wp1111636" />
   </i>
   <i t="types of">
    <j l="39#wp1111636" />
   </i>
  </i>
  <i t="log options">
   <j l="22#wp1136301" />
  </i>
  <i t="log options (IDP)">
   <j l="23#wp1065729" />
  </i>
  <i t="logged in users">
   <j l="2#wp1121101" />
  </i>
  <i t="logo">
   <j l="16#wp1154443" />
  </i>
  <i t="logout">
   <i t="SSL user">
    <j l="17#wp1183092" />
   </i>
  </i>
  <i t="logs">
   <i t="and firewall">
    <j l="14#wp1072174" />
   </i>
   <i t="configuration overview">
    <j l="1#wp1185218" />
   </i>
   <i t="e-mail profiles">
    <j l="39#wp1111974" />
   </i>
   <i t="e-mailing log messages">
    <j l="39#wp1110614" />
    <j l="39#wp1109436" />
   </i>
   <i t="formats">
    <j l="39#wp1108492" />
   </i>
   <i t="log consolidation">
    <j l="39#wp1106500" />
   </i>
   <i t="specifications">
    <j l="39#wp1121687" />
   </i>
   <i t="syslog servers">
    <j l="39#wp1111974" />
   </i>
   <i t="system">
    <j l="39#wp1111974" />
   </i>
   <i t="types of">
    <j l="39#wp1111974" />
   </i>
  </i>
  <i t="loose source routing">
   <j l="23#wp1033415" />
  </i>
 </g>
 <g t="M" o="002">
  <i t="MAC addresses">
   <i t="and VLAN">
    <j l="5#wp1195479" />
   </i>
   <i t="ZyWALL">
    <j l="2#wp1112235" />
   </i>
  </i>
  <i t="Management Information Base (MIB)">
   <j l="37#wp1006283" />
   <j l="37#wp1006296" />
  </i>
  <i t="MD5">
   <j l="15#wp1140859" />
  </i>
  <i t="Message Digest 5. See MD5.">
   <j l="15#wp1140859" />
  </i>
  <i t="metrics. See reports.">
   <j l="40#wp1118344" />
  </i>
  <i t="model name">
   <j l="2#wp1112243" />
  </i>
  <i t="monitor">
   <j l="16#wp1163508" />
  </i>
  <i t="monitor profile">
   <j l="24#wp1032150" />
   <i t="IDP">
    <i t="monitor profile">
     <j l="23#wp1032150" />
    </i>
   </i>
  </i>
  <i t="multiple slash encoding">
   <j l="24#wp1032793" />
  </i>
  <i t="mute">
   <j l="37#wp1159169" />
  </i>
  <i t="My Certificates. See also certificates.">
   <j l="33#wp1014398" />
  </i>
  <i t="MyDoom">
   <j l="23#wp1031484" />
   <j l="24#wp1031484" />
  </i>
  <i t="myZyXEL.com">
   <j l="3#wp1065259" />
   <j l="3#wp1066519" />
   <j l="4#wp1082531" />
   <i t="accounts, creating">
    <j l="3#wp1067919" />
   </i>
   <i t="and IDP">
    <j l="23#wp1031178" />
   </i>
  </i>
  <i t="myZyXEL.com account">
   <j l="3#wp1068495" />
  </i>
 </g>
 <g t="N" o="002">
  <i t="NAT">
   <j l="7#wp1044618" />
   <i t="address mapping. See policy routes.">
    <j l="1#wp1154017" />
   </i>
   <i t="ALG. See ALG.">
    <j l="13#wp1022241" />
   </i>
   <i t="and address objects">
    <j l="7#wp1028628" />
   </i>
   <i t="and ALG">
    <j l="13#wp1014931" />
   </i>
   <i t="and policy routes">
    <j l="7#wp1026761" />
    <j l="7#wp1035834" />
   </i>
   <i t="and VPN">
    <j l="15#wp1141091" />
   </i>
   <i t="and VPN. See also VPN.">
    <j l="1#wp1154021" />
   </i>
   <i t="port forwarding. See virtual servers.">
    <j l="1#wp1154009" />
    <j l="11#wp1056785" />
   </i>
   <i t="port translation. See virtual servers.">
    <j l="11#wp1056785" />
   </i>
   <i t="port triggering. See also policy routes.">
    <j l="1#wp1154013" />
   </i>
   <i t="port triggering. See also port triggering.">
    <j l="7#wp1041649" />
   </i>
   <i t="trigger port. See also policy routes.">
    <j l="1#wp1154013" />
   </i>
  </i>
  <i t="NBNS">
   <j l="5#wp1222089" />
   <j l="16#wp1167669" />
  </i>
  <i t="NetBIOS Name Server. See NBNS.">
   <j l="5#wp1222089" />
   <j l="16#wp1167669" />
  </i>
  <i t="NetMeeting. See H.323.">
   <j l="13#wp1015463" />
  </i>
  <i t="Network Address Translation. See NAT.">
   <j l="7#wp1044618" />
  </i>
  <i t="network list">
   <i t="SSL">
    <j l="16#wp1167676" />
   </i>
  </i>
  <i t="network policy. See VPN connections.">
   <j l="1#wp1153982" />
  </i>
  <i t="Network Time Protocol (NTP)">
   <j l="36#wp1127992" />
  </i>
  <i t="network-based intrusions">
   <j l="23#wp1031484" />
   <j l="23#wp1031484" />
   <j l="24#wp1031484" />
   <j l="24#wp1031484" />
  </i>
  <i t="Nimda">
   <j l="23#wp1031484" />
   <j l="24#wp1031484" />
  </i>
  <i t="Nmap">
   <j l="24#wp1032570" />
  </i>
  <i t="no IP options">
   <j l="23#wp1033415" />
  </i>
  <i t="non-RFC characters">
   <j l="24#wp1032797" />
  </i>
  <i t="non-rfc-http-delimiter">
   <j l="24#wp1032799" />
  </i>
 </g>
 <g t="O" o="002">
  <i t="object">
   <j l="16#wp1158256" />
   <i t="SSL application">
    <j l="35#wp1161039" />
   </i>
  </i>
  <i t="objects">
   <j l="1#wp1147057" />
  </i>
  <i t="obsolete-options">
   <j l="24#wp1032839" />
  </i>
  <i t="offset (patterns)">
   <j l="23#wp1033675" />
  </i>
  <i t="Online Certificate Status Protocol (OCSP)">
   <j l="33#wp1026878" />
   <i t="vs CRL">
    <j l="33#wp1026878" />
   </i>
  </i>
  <i t="Open Shortest Path First. See OSPF.">
   <j l="8#wp1053310" />
  </i>
  <i t="original setting (IDP)">
   <j l="23#wp1065731" />
  </i>
  <i t="OSI (Open System Interconnection)">
   <j l="23#wp1032069" />
  </i>
  <i t="OSPF">
   <j l="8#wp1053310" />
   <j l="8#wp1053310" />
   <i t="and Ethernet interfaces">
    <j l="5#wp1194430" />
   </i>
   <i t="and RIP">
    <j l="8#wp1053349" />
   </i>
   <i t="and static routes">
    <j l="8#wp1053349" />
   </i>
   <i t="and to-ZyWALL firewall">
    <j l="8#wp1053318" />
   </i>
   <i t="areas. See OSPF areas.">
    <j l="8#wp1053321" />
   </i>
   <i t="authentication method">
    <j l="5#wp1194433" />
   </i>
   <i t="autonomous system (AS)">
    <j l="8#wp1053310" />
   </i>
   <i t="Configuration steps">
    <j l="8#wp1053406" />
   </i>
   <i t="direction">
    <j l="5#wp1194437" />
   </i>
   <i t="link cost">
    <j l="5#wp1194433" />
   </i>
   <i t="priority">
    <j l="5#wp1194438" />
   </i>
   <i t="redistribute">
    <j l="8#wp1053349" />
   </i>
   <i t="redistribute type (cost)">
    <j l="8#wp1053484" />
   </i>
   <i t="routers. See OSPF routers.">
    <j l="8#wp1053341" />
   </i>
   <i t="virtual links">
    <j l="8#wp1053398" />
   </i>
   <i t="vs RIP">
    <j l="8#wp1053158" />
   </i>
  </i>
  <i t="OSPF areas">
   <j l="8#wp1053321" />
   <j l="8#wp1053327" />
   <i t="and Ethernet interfaces">
    <j l="5#wp1194432" />
   </i>
   <i t="backbone">
    <j l="8#wp1053325" />
   </i>
   <i t="Not So Stubby Area (NSSA)">
    <j l="8#wp1053331" />
   </i>
   <i t="stub areas">
    <j l="8#wp1053329" />
   </i>
   <i t="types of">
    <j l="8#wp1053323" />
   </i>
  </i>
  <i t="OSPF routers">
   <j l="8#wp1053341" />
   <i t="area border (ABR)">
    <j l="8#wp1053347" />
   </i>
   <i t="autonomous system boundary (ASBR)">
    <j l="8#wp1053349" />
   </i>
   <i t="backbone (BR)">
    <j l="8#wp1053387" />
   </i>
   <i t="backup designated (BDR)">
    <j l="8#wp1053394" />
   </i>
   <i t="designated (DR)">
    <j l="8#wp1053394" />
   </i>
   <i t="internal (IR)">
    <j l="8#wp1053345" />
   </i>
   <i t="link state advertisements">
    <j l="8#wp1053341" />
   </i>
   <i t="priority">
    <j l="8#wp1053394" />
   </i>
   <i t="types of">
    <j l="8#wp1053343" />
   </i>
  </i>
  <i t="oversize-chunk-encoding">
   <j l="24#wp1032803" />
  </i>
  <i t="oversize-offset">
   <j l="24#wp1032843" />
  </i>
  <i t="oversize-request-uri-directory">
   <j l="24#wp1032807" />
  </i>
 </g>
 <g t="P" o="002">
  <i t="packet inspection">
   <i t="signatures">
    <j l="23#wp1032152" />
   </i>
  </i>
  <i t="packet inspection signatures">
   <j l="23#wp1032068" />
  </i>
  <i t="packet scan">
   <j l="22#wp1124466" />
  </i>
  <i t="packet statistics">
   <j l="2#wp1122677" />
  </i>
  <i t="padding">
   <j l="23#wp1033419" />
  </i>
  <i t="payload option">
   <j l="23#wp1033665" />
  </i>
  <i t="payload size">
   <j l="23#wp1033667" />
  </i>
  <i t="peer-to-peer (P2P)">
   <i t="managing">
    <j l="3#wp1084303" />
    <j l="21#wp1116199" />
   </i>
  </i>
  <i t="peer-to-peer calls">
   <j l="13#wp1022982" />
  </i>
  <i t="Perfect Forward Secrecy (PFS)">
   <i t="Diffie-Hellman key group">
    <j l="15#wp1136825" />
   </i>
  </i>
  <i t="physical port">
   <i t="packet statistics">
    <j l="2#wp1122677" />
   </i>
  </i>
  <i t="physical ports">
   <j l="1#wp1146686" />
   <i t="and interfaces">
    <j l="1#wp1171693" />
   </i>
  </i>
  <i t="ping check. See interfaces.">
   <j l="5#wp1157135" />
  </i>
  <i t="Point-to-Point Protocol over Ethernet. See PPPoE.">
   <j l="5#wp1196552" />
  </i>
  <i t="Point-to-Point Tunneling Protocol. See PPTP">
   <j l="5#wp1196552" />
  </i>
  <i t="policy route">
   <i t="L2TP VPN">
    <j l="20#wp1175093" />
   </i>
  </i>
  <i t="policy routes">
   <j l="7#wp1025403" />
   <i t="actions">
    <j l="7#wp1025427" />
   </i>
   <i t="and address objects">
    <j l="7#wp1027454" />
    <j l="7#wp1051200" />
    <j l="7#wp1028034" />
    <j l="27#wp1145505" />
    <j l="27#wp1126972" />
   </i>
   <i t="and ALG">
    <j l="13#wp1021518" />
    <j l="13#wp1023177" />
    <j l="13#wp1023098" />
   </i>
   <i t="and HTTP redirect">
    <j l="12#wp1038554" />
    <j l="12#wp1038653" />
   </i>
   <i t="and interfaces">
    <j l="7#wp1027450" />
    <j l="7#wp1055638" />
   </i>
   <i t="and NAT">
    <j l="7#wp1035834" />
   </i>
   <i t="and schedules">
    <j l="7#wp1027683" />
    <j l="21#wp1124209" />
    <j l="21#wp1124858" />
    <j l="21#wp1125051" />
    <j l="21#wp1123759" />
   </i>
   <i t="and service groups">
    <j l="7#wp1051248" />
   </i>
   <i t="and services">
    <j l="7#wp1051248" />
    <j l="29#wp1110268" />
   </i>
   <i t="and trunks">
    <j l="6#wp1116468" />
    <j l="7#wp1027889" />
   </i>
   <i t="and user groups">
    <j l="7#wp1027459" />
    <j l="21#wp1124238" />
    <j l="21#wp1124864" />
    <j l="21#wp1125060" />
    <j l="21#wp1123768" />
   </i>
   <i t="and users">
    <j l="7#wp1027459" />
    <j l="21#wp1124238" />
    <j l="21#wp1124864" />
    <j l="21#wp1125060" />
    <j l="21#wp1123768" />
   </i>
   <i t="and VoIP pass through">
    <j l="13#wp1023177" />
    <j l="13#wp1023098" />
   </i>
   <i t="and VPN connections">
    <j l="7#wp1027450" />
    <j l="7#wp1028014" />
    <j l="15#wp1130511" />
   </i>
   <i t="bandwidth management">
    <j l="7#wp1028651" />
   </i>
   <i t="benefits">
    <j l="7#wp1025407" />
   </i>
   <i t="configuration overview">
    <j l="1#wp1146850" />
   </i>
   <i t="criteria">
    <j l="7#wp1025422" />
   </i>
   <i t="prerequisites">
    <j l="1#wp1173525" />
   </i>
  </i>
  <i t="port forwarding. See virtual servers.">
   <j l="1#wp1153974" />
   <j l="11#wp1056785" />
  </i>
  <i t="port groups">
   <j l="5#wp1152661" />
   <j l="5#wp1195040" />
   <j l="5#wp1195042" />
   <i t="and Ethernet interfaces">
    <j l="5#wp1195040" />
   </i>
   <i t="and physical ports">
    <j l="5#wp1195040" />
   </i>
   <i t="representative interfaces">
    <j l="5#wp1195041" />
   </i>
  </i>
  <i t="port scanning">
   <j l="24#wp1032570" />
  </i>
  <i t="port speed">
   <j l="37#wp1159227" />
  </i>
  <i t="port sweep">
   <j l="24#wp1032587" />
  </i>
  <i t="port translation. See virtual servers.">
   <j l="11#wp1056785" />
  </i>
  <i t="port triggering">
   <j l="7#wp1041649" />
   <i t="and firewall">
    <j l="7#wp1045077" />
   </i>
   <i t="and policy routes">
    <j l="7#wp1026775" />
   </i>
   <i t="and service groups">
    <j l="7#wp1035001" />
    <j l="7#wp1034776" />
   </i>
   <i t="and services">
    <j l="7#wp1035001" />
    <j l="7#wp1034776" />
   </i>
  </i>
  <i t="power off">
   <j l="0#wp1144096" />
  </i>
  <i t="power on">
   <j l="0#wp1144055" />
  </i>
  <i t="PPPoE">
   <j l="5#wp1196552" />
   <j l="5#wp1196553" />
   <i t="and RADIUS">
    <j l="5#wp1196554" />
   </i>
   <i t="TCP port 1723">
    <j l="5#wp1196558" />
   </i>
  </i>
  <i t="PPPoE/PPTP interfaces">
   <j l="5#wp1152665" />
   <j l="5#wp1196565" />
   <i t="and ISP accounts">
    <j l="5#wp1196571" />
    <j l="34#wp1051996" />
   </i>
   <i t="basic characteristics">
    <j l="5#wp1152673" />
   </i>
   <i t="gateway">
    <j l="5#wp1196573" />
   </i>
   <i t="subnet mask">
    <j l="5#wp1153521" />
    <j l="5#wp1196573" />
   </i>
  </i>
  <i t="PPTP">
   <j l="5#wp1196552" />
   <i t="and GRE">
    <j l="5#wp1196559" />
   </i>
   <i t="as VPN">
    <j l="5#wp1196557" />
   </i>
  </i>
  <i t="profiles">
   <i t="ADP">
    <j l="24#wp1057699" />
   </i>
   <i t="packet inspection">
    <j l="23#wp1032152" />
   </i>
  </i>
  <i t="protocol">
   <i t="usage statistics">
    <j l="21#wp1127100" />
   </i>
  </i>
  <i t="protocol anomaly">
   <j l="24#wp1032068" />
   <j l="24#wp1032741" />
  </i>
  <i t="protocol anomaly detection">
   <j l="24#wp1038336" />
  </i>
  <i t="proxy servers">
   <j l="12#wp1036705" />
   <i t="web. See web proxy servers.">
    <j l="12#wp1037075" />
   </i>
  </i>
  <i t="Public-Key Infrastructure (PKI)">
   <j l="33#wp1016949" />
  </i>
  <i t="public-private key pairs">
   <j l="33#wp1016938" />
   <j l="33#wp1016940" />
  </i>
 </g>
 <g t="Q" o="002">
  <i t="query view (IDP)">
   <j l="23#wp1065684" />
   <j l="23#wp1032433" />
  </i>
 </g>
 <g t="R" o="002">
  <i t="RADIUS">
   <j l="31#wp1110740" />
   <j l="31#wp1120047" />
   <i t="advantages">
    <j l="31#wp1120047" />
   </i>
   <i t="and IKE SA">
    <j l="15#wp1141121" />
   </i>
   <i t="and PPPoE">
    <j l="5#wp1196554" />
   </i>
   <i t="and users">
    <j l="27#wp1135474" />
   </i>
  </i>
  <i t="Real-time Transport Protocol. See RTP.">
   <j l="13#wp1015628" />
  </i>
  <i t="reboot">
   <j l="0#wp1144066" />
   <j l="42#wp1113590" />
   <i t="vs reset">
    <j l="42#wp1113808" />
   </i>
  </i>
  <i t="record route">
   <j l="23#wp1033415" />
  </i>
  <i t="registration">
   <i t="and content filtering">
    <j l="25#wp1084920" />
   </i>
   <i t="configuration overview">
    <j l="1#wp1184350" />
    <j l="1#wp1185225" />
   </i>
   <i t="prerequisites">
    <j l="1#wp1184362" />
    <j l="1#wp1185237" />
   </i>
   <i t="subscription services. See subscription services.">
    <j l="3#wp1066549" />
   </i>
  </i>
  <i t="registration status">
   <i t="anti-virus">
    <j l="22#wp1131951" />
   </i>
   <i t="application patrol">
    <j l="21#wp1122276" />
   </i>
   <i t="IDP">
    <j l="23#wp1031180" />
   </i>
  </i>
  <i t="reject-both (IDP)">
   <j l="23#wp1065749" />
  </i>
  <i t="reject-receiver (IDP)">
   <j l="23#wp1065747" />
  </i>
  <i t="reject-sender (IDP)">
   <j l="23#wp1065745" />
  </i>
  <i t="Remote Authentication Dial-In User Service. See RADIUS.">
   <j l="31#wp1110740" />
   <j l="31#wp1120047" />
  </i>
  <i t="remote management">
   <j l="37#wp1133888" />
   <i t="and to-ZyWALL firewall">
    <j l="37#wp1057915" />
   </i>
   <i t="and users">
    <j l="37#wp1127431" />
   </i>
   <i t="CNM">
    <j l="37#wp1157998" />
   </i>
   <i t="configuration overview">
    <j l="1#wp1173804" />
   </i>
   <i t="FTP. See FTP.">
    <j l="37#wp1006228" />
   </i>
   <i t="limitations">
    <j l="37#wp1057947" />
   </i>
   <i t="prerequisites">
    <j l="1#wp1173816" />
   </i>
   <i t="timeouts">
    <j l="37#wp1057955" />
   </i>
   <i t="to-ZyWALL firewall">
    <j l="14#wp1099535" />
   </i>
  </i>
  <i t="remote management connection">
   <j l="37#wp1159528" />
  </i>
  <i t="remote user screen links">
   <j l="35#wp1161061" />
  </i>
  <i t="reports">
   <i t="collecting data">
    <j l="40#wp1114169" />
   </i>
   <i t="configuration overview">
    <j l="1#wp1185218" />
   </i>
   <i t="specifications">
    <j l="40#wp1112994" />
   </i>
   <i t="types of">
    <j l="40#wp1118344" />
   </i>
  </i>
  <i t="reset">
   <i t="vs reboot">
    <j l="42#wp1113808" />
   </i>
  </i>
  <i t="RESET button">
   <j l="0#wp1144077" />
  </i>
  <i t="response strings">
   <j l="37#wp1159507" />
  </i>
  <i t="RFC 1058. See RIP.">
   <j l="8#wp1053203" />
  </i>
  <i t="RFC 1389. See RIP.">
   <j l="8#wp1053203" />
  </i>
  <i t="RFC 1587. See OSPF areas.">
   <j l="8#wp1053331" />
  </i>
  <i t="RFC 1631. See NAT.">
   <j l="7#wp1044618" />
  </i>
  <i t="RFC 1889. See RTP.">
   <j l="13#wp1015628" />
  </i>
  <i t="RFC 2131. See DHCP.">
   <j l="5#wp1155857" />
  </i>
  <i t="RFC 2132. See DHCP.">
   <j l="5#wp1155857" />
  </i>
  <i t="RFC 2328. See OSPF.">
   <j l="8#wp1053310" />
  </i>
  <i t="RFC 2338. See VRRP.">
   <j l="26#wp1115711" />
  </i>
  <i t="RFC 2402. See AH.">
   <j l="15#wp1136647" />
  </i>
  <i t="RFC 2406. See ESP.">
   <j l="15#wp1136647" />
  </i>
  <i t="RFC 2510. See Certificate Management Protocol.">
   <j l="33#wp1014598" />
  </i>
  <i t="RFC 2516. See PPPoE.">
   <j l="5#wp1196552" />
  </i>
  <i t="RFC 2637. See PPTP.">
   <j l="5#wp1196552" />
  </i>
  <i t="RFC 2890. See GRE.">
   <j l="5#wp1196559" />
  </i>
  <i t="RFC 3261. See SIP.">
   <j l="13#wp1013198" />
  </i>
  <i t="RIP">
   <j l="8#wp1053203" />
   <j l="8#wp1053203" />
   <j l="8#wp1053203" />
   <j l="8#wp1053203" />
   <i t="and OSPF">
    <j l="8#wp1053217" />
   </i>
   <i t="and static routes">
    <j l="8#wp1053217" />
   </i>
   <i t="and to-ZyWALL firewall">
    <j l="8#wp1053219" />
   </i>
   <i t="authentication">
    <j l="8#wp1053209" />
   </i>
   <i t="direction">
    <j l="5#wp1194421" />
   </i>
   <i t="redistribute">
    <j l="8#wp1053217" />
   </i>
   <i t="RIP-2 broadcasting methods">
    <j l="5#wp1194429" />
   </i>
   <i t="versions">
    <j l="5#wp1194425" />
   </i>
   <i t="vs OSPF">
    <j l="8#wp1053158" />
   </i>
  </i>
  <i t="round robin (for load balancing)">
   <j l="6#wp1116537" />
  </i>
  <i t="Routing Information Protocol. See RIP">
   <j l="8#wp1053203" />
  </i>
  <i t="routing protocols">
   <j l="8#wp1053147" />
   <i t="and authentication algorithms">
    <j l="8#wp1053228" />
   </i>
   <i t="and Ethernet interfaces">
    <j l="5#wp1194408" />
   </i>
  </i>
  <i t="RTP">
   <j l="13#wp1015647" />
   <j l="13#wp1015628" />
   <j l="13#wp1015628" />
   <i t="See also ALG.">
    <j l="13#wp1015628" />
   </i>
  </i>
 </g>
 <g t="S" o="002">
  <i t="same IP">
   <j l="23#wp1033589" />
  </i>
  <i t="schedules">
   <j l="30#wp1108884" />
   <i t="and content filtering">
    <j l="25#wp1093348" />
    <j l="25#wp1072034" />
    <j l="25#wp1085400" />
   </i>
   <i t="and current date/time">
    <j l="30#wp1108884" />
   </i>
   <i t="and firewall">
    <j l="14#wp1115960" />
    <j l="21#wp1124209" />
    <j l="21#wp1124858" />
    <j l="21#wp1125051" />
    <j l="21#wp1123759" />
   </i>
   <i t="and force user authentication policies">
    <j l="27#wp1127170" />
   </i>
   <i t="and policy routes">
    <j l="7#wp1027683" />
    <j l="21#wp1124209" />
    <j l="21#wp1124858" />
    <j l="21#wp1125051" />
    <j l="21#wp1123759" />
   </i>
   <i t="one-time">
    <j l="30#wp1108885" />
   </i>
   <i t="recurring">
    <j l="30#wp1108886" />
   </i>
   <i t="types of">
    <j l="30#wp1108884" />
   </i>
   <i t="where used">
    <j l="1#wp1147077" />
   </i>
  </i>
  <i t="Secure Hash Algorithm. See SHA1.">
   <j l="15#wp1140861" />
  </i>
  <i t="Secure Socket Layer. See SSL.">
   <j l="37#wp1005848" />
  </i>
  <i t="self-referential directories">
   <j l="24#wp1032813" />
  </i>
  <i t="sensitivity level">
   <j l="24#wp1060697" />
  </i>
  <i t="serial number">
   <j l="2#wp1112239" />
  </i>
  <i t="service groups">
   <j l="29#wp1110269" />
   <i t="and firewall">
    <j l="14#wp1116183" />
   </i>
   <i t="and policy routes">
    <j l="7#wp1051248" />
   </i>
   <i t="and port triggering">
    <j l="7#wp1035001" />
    <j l="7#wp1034776" />
   </i>
   <i t="where used">
    <j l="1#wp1147073" />
   </i>
  </i>
  <i t="services">
   <j l="29#wp1109356" />
   <i t="and firewall">
    <j l="14#wp1116183" />
    <j l="29#wp1110268" />
   </i>
   <i t="and IDP">
    <j l="29#wp1110268" />
   </i>
   <i t="and policy routes">
    <j l="7#wp1051248" />
    <j l="29#wp1110268" />
   </i>
   <i t="and port triggering">
    <j l="7#wp1035001" />
    <j l="7#wp1034776" />
   </i>
   <i t="where used">
    <j l="1#wp1147073" />
   </i>
  </i>
  <i t="Session Initiation Protocol. See SIP.">
   <j l="13#wp1013198" />
  </i>
  <i t="sessions">
   <j l="40#wp1112514" />
  </i>
  <i t="severity (IDP)">
   <j l="23#wp1032095" />
   <j l="23#wp1065703" />
  </i>
  <i t="SHA1">
   <j l="15#wp1140861" />
  </i>
  <i t="shell scripts">
   <j l="38#wp1091138" />
   <i t="and users">
    <j l="27#wp1134179" />
   </i>
   <i t="downloading">
    <j l="38#wp1091867" />
   </i>
   <i t="editing">
    <j l="38#wp1082717" />
   </i>
   <i t="not stopping or starting the ZyWALL">
    <j l="0#wp1144108" />
   </i>
   <i t="uploading">
    <j l="38#wp1091953" />
   </i>
   <i t="way the ZyWALL runs">
    <j l="38#wp1089037" />
   </i>
  </i>
  <i t="shutdown">
   <j l="0#wp1144082" />
  </i>
  <i t="signature categories">
   <i t="access control">
    <j l="23#wp1032224" />
   </i>
   <i t="buffer overflow">
    <j l="23#wp1032203" />
   </i>
   <i t="DoS/DDoS">
    <j l="23#wp1032189" />
   </i>
   <i t="IM">
    <j l="23#wp1032179" />
   </i>
   <i t="P2P">
    <j l="23#wp1032172" />
   </i>
   <i t="scan">
    <j l="23#wp1032195" />
   </i>
   <i t="spam">
    <j l="23#wp1032184" />
   </i>
   <i t="virus/worm">
    <j l="23#wp1032211" />
   </i>
   <i t="Web attack">
    <j l="23#wp1032230" />
   </i>
  </i>
  <i t="signature ID">
   <j l="23#wp1065700" />
   <j l="23#wp1033448" />
   <j l="23#wp1033518" />
  </i>
  <i t="Simple Certificate Enrollment Protocol (SCEP)">
   <j l="33#wp1014597" />
  </i>
  <i t="Simple Network Management Protocol. See SNMP.">
   <j l="37#wp1132191" />
  </i>
  <i t="Simple Traversal of UDP through NAT. See STUN.">
   <j l="13#wp1022223" />
  </i>
  <i t="SIP">
   <j l="13#wp1013198" />
   <i t="additional signaling port">
    <j l="13#wp1029935" />
   </i>
   <i t="and firewall">
    <j l="13#wp1013338" />
   </i>
   <i t="and RTP">
    <j l="13#wp1015628" />
   </i>
   <i t="media inactivity timeout">
    <j l="13#wp1016176" />
   </i>
   <i t="signaling inactivity timeout">
    <j l="13#wp1016202" />
   </i>
   <i t="signaling port">
    <j l="13#wp1029914" />
   </i>
  </i>
  <i t="smurf attack">
   <j l="24#wp1032631" />
  </i>
  <i t="SNAT">
   <j l="7#wp1044618" />
  </i>
  <i t="SNMP">
   <j l="37#wp1132191" />
   <j l="37#wp1006285" />
   <i t="agents">
    <j l="37#wp1006281" />
   </i>
   <i t="and address groups">
    <j l="37#wp1065116" />
   </i>
   <i t="and address objects">
    <j l="37#wp1065116" />
   </i>
   <i t="and zones">
    <j l="37#wp1065112" />
   </i>
   <i t="Get">
    <j l="37#wp1006287" />
   </i>
   <i t="GetNext">
    <j l="37#wp1006288" />
   </i>
   <i t="Manager">
    <j l="37#wp1006281" />
   </i>
   <i t="managers">
    <j l="37#wp1006281" />
   </i>
   <i t="MIB">
    <j l="37#wp1006283" />
    <j l="37#wp1006296" />
   </i>
   <i t="network components">
    <j l="37#wp1132207" />
   </i>
   <i t="Set">
    <j l="37#wp1006289" />
   </i>
   <i t="Trap">
    <j l="37#wp1006291" />
   </i>
   <i t="traps">
    <j l="37#wp1105493" />
   </i>
   <i t="versions">
    <j l="37#wp1132191" />
   </i>
  </i>
  <i t="Source Network Address Translation. See SNAT.">
   <j l="7#wp1044618" />
  </i>
  <i t="spillover (for load balancing)">
   <j l="6#wp1116546" />
  </i>
  <i t="SQL slammer">
   <j l="23#wp1031484" />
   <j l="24#wp1031484" />
  </i>
  <i t="SSH">
   <j l="37#wp1006028" />
   <i t="and address groups">
    <j l="37#wp1064512" />
   </i>
   <i t="and address objects">
    <j l="37#wp1064512" />
   </i>
   <i t="and certificates">
    <j l="37#wp1064492" />
   </i>
   <i t="and zones">
    <j l="37#wp1064508" />
   </i>
   <i t="client requirements">
    <j l="37#wp1006055" />
   </i>
   <i t="encryption methods">
    <j l="37#wp1084788" />
   </i>
   <i t="versions">
    <j l="37#wp1084788" />
   </i>
  </i>
  <i t="SSL">
   <j l="16#wp1167664" />
   <j l="37#wp1005848" />
   <i t="certificates">
    <j l="17#wp1185562" />
   </i>
   <i t="computer names">
    <j l="16#wp1167669" />
   </i>
   <i t="full-tunnel mode">
    <j l="16#wp1167661" />
   </i>
   <i t="IP pool">
    <j l="16#wp1167664" />
   </i>
   <i t="monitor">
    <j l="16#wp1163508" />
   </i>
   <i t="network list">
    <j l="16#wp1167676" />
   </i>
   <i t="policy">
    <j l="16#wp1151067" />
   </i>
   <i t="remote user logout">
    <j l="17#wp1183092" />
   </i>
   <i t="user screen bookmarks">
    <j l="17#wp1183006" />
   </i>
   <i t="user screens">
    <j l="17#wp1144040" />
   </i>
   <i t="user screens access methods">
    <j l="17#wp1193297" />
   </i>
   <i t="user screens certificates">
    <j l="17#wp1185562" />
   </i>
   <i t="user screens logout">
    <j l="17#wp1183092" />
   </i>
   <i t="WINS">
    <j l="16#wp1167669" />
   </i>
  </i>
  <i t="SSL application">
   <i t="edit">
    <j l="35#wp1161101" />
   </i>
  </i>
  <i t="SSL application object">
   <j l="35#wp1161039" />
   <i t="add">
    <j l="35#wp1161101" />
   </i>
   <i t="file sharing">
    <j l="35#wp1161054" />
   </i>
   <i t="file sharing application">
    <j l="35#wp1161268" />
   </i>
   <i t="remote user screen links">
    <j l="35#wp1161061" />
   </i>
   <i t="summary">
    <j l="35#wp1161065" />
   </i>
   <i t="types">
    <j l="35#wp1161046" />
   </i>
   <i t="web-based">
    <j l="35#wp1161048" />
    <j l="35#wp1161105" />
   </i>
   <i t="web-based example">
    <j l="35#wp1161178" />
   </i>
  </i>
  <i t="SSL connection monitor">
   <j l="16#wp1163508" />
  </i>
  <i t="SSL policy">
   <j l="16#wp1151067" />
   <i t="add">
    <j l="16#wp1151136" />
   </i>
   <i t="edit">
    <j l="16#wp1151136" />
   </i>
   <i t="objects used">
    <j l="16#wp1158256" />
   </i>
  </i>
  <i t="stac compression">
   <j l="34#wp1051267" />
  </i>
  <i t="starting the ZyWALL">
   <j l="0#wp1144035" />
  </i>
  <i t="startup-config-bad.conf">
   <j l="38#wp1086443" />
  </i>
  <i t="startup-config.conf">
   <j l="38#wp1086439" />
   <i t="and synchronization (device HA)">
    <j l="26#wp1120285" />
   </i>
   <i t="if errors">
    <j l="38#wp1086450" />
   </i>
   <i t="missing at restart">
    <j l="38#wp1086449" />
   </i>
   <i t="present at restart">
    <j l="38#wp1086450" />
   </i>
  </i>
  <i t="static routes">
   <j l="7#wp1005781" />
   <i t="and interfaces">
    <j l="7#wp1054068" />
   </i>
   <i t="and OSPF">
    <j l="8#wp1053349" />
   </i>
   <i t="and RIP">
    <j l="8#wp1053217" />
   </i>
   <i t="metric">
    <j l="7#wp1054071" />
   </i>
   <i t="prerequisites">
    <j l="1#wp1146883" />
   </i>
  </i>
  <i t="statistics">
   <i t="application patrol">
    <j l="21#wp1126665" />
   </i>
   <i t="bandwidth">
    <j l="21#wp1126678" />
   </i>
   <i t="protocol">
    <j l="21#wp1127100" />
   </i>
  </i>
  <i t="stopping the ZyWALL">
   <j l="0#wp1144035" />
  </i>
  <i t="streaming protocols">
   <i t="managing">
    <j l="3#wp1084303" />
    <j l="21#wp1116199" />
   </i>
  </i>
  <i t="strict source routing">
   <j l="23#wp1033415" />
  </i>
  <i t="STUN">
   <i t="and VoIP pass through">
    <j l="13#wp1022223" />
   </i>
  </i>
  <i t="subscription services">
   <j l="3#wp1066549" />
   <i t="and synchronization (device HA)">
    <j l="26#wp1120302" />
   </i>
   <i t="AppPatrol">
    <j l="3#wp1084303" />
   </i>
   <i t="content filtering">
    <j l="3#wp1067631" />
   </i>
   <i t="content filtering. See also content filtering.">
    <j l="3#wp1067631" />
   </i>
   <i t="IDP">
    <j l="3#wp1084303" />
   </i>
   <i t="IDP. See also IDP.">
    <j l="3#wp1084303" />
   </i>
   <i t="new IDP or AppPatrol signatures">
    <j l="3#wp1067443" />
   </i>
   <i t="SSL VPN">
    <j l="3#wp1084511" />
   </i>
   <i t="SSL VPN. See also SSL VPN.">
    <j l="3#wp1084511" />
   </i>
   <i t="status">
    <j l="3#wp1068994" />
    <j l="21#wp1122276" />
    <j l="22#wp1131951" />
   </i>
   <i t="trial service activation">
    <j l="3#wp1068527" />
   </i>
   <i t="upgrading">
    <j l="3#wp1069006" />
    <j l="3#wp1069010" />
   </i>
  </i>
  <i t="synchronization">
   <j l="26#wp1120269" />
   <i t="and subscription services">
    <j l="26#wp1120302" />
   </i>
   <i t="information synchronized">
    <j l="26#wp1120280" />
   </i>
   <i t="password">
    <j l="26#wp1114859" />
   </i>
   <i t="port number">
    <j l="26#wp1114867" />
   </i>
   <i t="restrictions">
    <j l="26#wp1120320" />
   </i>
  </i>
  <i t="syslog servers. See logs.">
   <j l="39#wp1111974" />
  </i>
  <i t="system log. See logs.">
   <j l="39#wp1111974" />
  </i>
  <i t="system name">
   <j l="2#wp1112247" />
  </i>
  <i t="system protect">
   <i t="updating signatures">
    <j l="4#wp1082911" />
   </i>
  </i>
  <i t="system reports. See reports.">
   <j l="40#wp1118344" />
  </i>
  <i t="system uptime">
   <j l="2#wp1112374" />
  </i>
  <i t="system-default.conf">
   <j l="38#wp1086438" />
  </i>
 </g>
 <g t="T" o="002">
  <i t="T/TCP">
   <j l="24#wp1032853" />
  </i>
  <i t="TCP">
   <j l="29#wp1111175" />
   <i t="ACK (acknowledgment)">
    <j l="24#wp1032639" />
   </i>
   <i t="ACK number">
    <j l="23#wp1033627" />
   </i>
   <i t="connections">
    <j l="29#wp1109902" />
   </i>
   <i t="port numbers">
    <j l="29#wp1110011" />
   </i>
   <i t="SYN (synchronize)">
    <j l="24#wp1032639" />
   </i>
   <i t="window size">
    <j l="23#wp1033633" />
   </i>
  </i>
  <i t="TCP Decoder">
   <j l="24#wp1038336" />
  </i>
  <i t="TCP decoy portscan">
   <j l="24#wp1032578" />
  </i>
  <i t="TCP distributed portscan">
   <j l="24#wp1032583" />
  </i>
  <i t="TCP flag bits">
   <j l="23#wp1033621" />
  </i>
  <i t="TCP portscan">
   <j l="24#wp1032572" />
  </i>
  <i t="TCP portsweep">
   <j l="24#wp1032588" />
  </i>
  <i t="TCP RST">
   <j l="24#wp1032594" />
  </i>
  <i t="TCP SYN flood">
   <j l="24#wp1032638" />
  </i>
  <i t="Telnet">
   <i t="and address groups">
    <j l="37#wp1121863" />
   </i>
   <i t="and address objects">
    <j l="37#wp1121863" />
   </i>
   <i t="and zones">
    <j l="37#wp1121856" />
   </i>
  </i>
  <i t="terminate user connection">
   <j l="16#wp1163541" />
  </i>
  <i t="terminology differences">
   <i t="bandwidth management">
    <j l="1#wp1154414" />
   </i>
   <i t="NAT">
    <j l="1#wp1154390" />
   </i>
   <i t="with other products">
    <j l="1#wp1154386" />
   </i>
   <i t="with ZyNOS">
    <j l="1#wp1154354" />
   </i>
  </i>
  <i t="three-way handshake">
   <j l="24#wp1032648" />
  </i>
  <i t="through-ZyWALL firewall. See firewall.">
   <j l="14#wp1099259" />
  </i>
  <i t="time to live">
   <j l="23#wp1033393" />
  </i>
  <i t="timestamp">
   <j l="23#wp1033415" />
  </i>
  <i t="to-ZyWALL firewall">
   <j l="14#wp1099411" />
   <i t="and NAT traversal (VPN)">
    <j l="15#wp1137741" />
   </i>
   <i t="and OSPF">
    <j l="8#wp1053318" />
   </i>
   <i t="and remote management">
    <j l="14#wp1099535" />
    <j l="37#wp1057915" />
   </i>
   <i t="and RIP">
    <j l="8#wp1053219" />
   </i>
   <i t="and virtual servers">
    <j l="11#wp1056702" />
   </i>
   <i t="and VPN">
    <j l="15#wp1137244" />
   </i>
   <i t="and VRRP">
    <j l="26#wp1117533" />
   </i>
   <i t="and VRRP groups">
    <j l="26#wp1117722" />
   </i>
   <i t="global rules">
    <j l="14#wp1099489" />
   </i>
  </i>
  <i t="to-ZyWALL firewall. See also firewall.">
   <j l="14#wp1071563" />
  </i>
  <i t="traffic anomaly">
   <j l="24#wp1032068" />
   <j l="24#wp1032567" />
  </i>
  <i t="Transmission Control Protocol. See TCP.">
   <j l="29#wp1111175" />
  </i>
  <i t="Transport Layer Security (TLS)">
   <j l="37#wp1073152" />
  </i>
  <i t="trial subscription services">
   <j l="3#wp1068527" />
  </i>
  <i t="triangle routes (firewall)">
   <j l="14#wp1102720" />
  </i>
  <i t="Triple Data Encryption Standard. See 3DES.">
   <j l="15#wp1140846" />
  </i>
  <i t="troubleshooting">
   <j l="41#wp1074217" />
  </i>
  <i t="truncated-address-header">
   <j l="24#wp1032883" />
  </i>
  <i t="truncated-header">
   <j l="24#wp1032871" />
  </i>
  <i t="truncated-options">
   <j l="24#wp1032847" />
  </i>
  <i t="truncated-timestamp-header">
   <j l="24#wp1032891" />
  </i>
  <i t="trunks">
   <j l="5#wp1152668" />
   <j l="6#wp1116464" />
   <i t="and ALG">
    <j l="13#wp1021518" />
   </i>
   <i t="and policy routes">
    <j l="6#wp1116468" />
    <j l="7#wp1027889" />
   </i>
   <i t="configuration overview">
    <j l="1#wp1146762" />
   </i>
   <i t="member interface mode">
    <j l="6#wp1119076" />
   </i>
   <i t="member interfaces">
    <j l="6#wp1119061" />
   </i>
   <i t="prerequisites">
    <j l="1#wp1146770" />
   </i>
   <i t="where used">
    <j l="1#wp1146774" />
   </i>
  </i>
  <i t="trunks. See also load balancing.">
   <j l="6#wp1116464" />
  </i>
  <i t="Trusted Certificates. See also certificates.">
   <j l="33#wp1014750" />
  </i>
 </g>
 <g t="U" o="002">
  <i t="u encoding">
   <j l="24#wp1032817" />
  </i>
  <i t="UDP">
   <j l="29#wp1111175" />
   <i t="messages">
    <j l="29#wp1110100" />
   </i>
   <i t="port numbers">
    <j l="29#wp1110011" />
   </i>
  </i>
  <i t="UDP Decoder">
   <j l="24#wp1038336" />
  </i>
  <i t="UDP decoy portscan">
   <j l="24#wp1032579" />
  </i>
  <i t="UDP distributed portscan">
   <j l="24#wp1032584" />
  </i>
  <i t="UDP flood attack">
   <j l="24#wp1032658" />
  </i>
  <i t="UDP portscan">
   <j l="24#wp1032573" />
  </i>
  <i t="UDP portsweep">
   <j l="24#wp1032589" />
  </i>
  <i t="undersize-len">
   <j l="24#wp1032855" />
  </i>
  <i t="undersize-offset">
   <j l="24#wp1032859" />
  </i>
  <i t="updating">
   <i t="Anti-Virus signatures">
    <j l="4#wp1084058" />
   </i>
   <i t="IDP and AppPatrol signatures">
    <j l="4#wp1082528" />
   </i>
   <i t="system protect signatures">
    <j l="4#wp1082911" />
   </i>
  </i>
  <i t="upgrading license">
   <j l="3#wp1069006" />
  </i>
  <i t="URI (Uniform Resource Identifier)">
   <j l="23#wp1033687" />
  </i>
  <i t="usage">
   <i t="CPU">
    <j l="2#wp1112717" />
   </i>
   <i t="flash">
    <j l="2#wp1112709" />
   </i>
   <i t="memory">
    <j l="2#wp1112713" />
   </i>
   <i t="onboard flash">
    <j l="2#wp1112709" />
   </i>
   <i t="sessions">
    <j l="2#wp1112705" />
   </i>
  </i>
  <i t="user authentication">
   <j l="27#wp1129724" />
   <j l="31#wp1148253" />
   <i t="external">
    <j l="27#wp1134239" />
   </i>
   <i t="local user database">
    <j l="31#wp1110734" />
   </i>
  </i>
  <i t="User Datagram Protocol. See UDP.">
   <j l="29#wp1111175" />
  </i>
  <i t="user groups">
   <j l="27#wp1134421" />
   <i t="and content filtering">
    <j l="25#wp1072113" />
   </i>
   <i t="and firewall">
    <j l="14#wp1116025" />
   </i>
   <i t="and policy routes">
    <j l="7#wp1027459" />
    <j l="21#wp1124238" />
    <j l="21#wp1124864" />
    <j l="21#wp1125060" />
    <j l="21#wp1123768" />
   </i>
  </i>
  <i t="user names">
   <i t="rules">
    <j l="27#wp1124861" />
   </i>
  </i>
  <i t="user portal">
   <i t="See SSL user screens.">
    <j l="17#wp1144040" />
   </i>
  </i>
  <i t="user portal links">
   <j l="35#wp1161061" />
  </i>
  <i t="user portal logo">
   <j l="16#wp1154443" />
  </i>
  <i t="user sessions. See sessions.">
   <j l="40#wp1112514" />
  </i>
  <i t="user SSL screens">
   <j l="17#wp1144040" />
   <i t="access methods">
    <j l="17#wp1193297" />
   </i>
   <i t="bookmarks">
    <j l="17#wp1183006" />
   </i>
   <i t="certificates">
    <j l="17#wp1185562" />
   </i>
   <i t="logout">
    <j l="17#wp1183092" />
   </i>
  </i>
  <i t="users">
   <j l="27#wp1129724" />
   <i t="access. See also access users.">
    <j l="27#wp1130354" />
   </i>
   <i t="Admin (type)">
    <j l="27#wp1130332" />
   </i>
   <i t="admin. See also admin users.">
    <j l="27#wp1130326" />
   </i>
   <i t="and AAA servers">
    <j l="27#wp1135474" />
   </i>
   <i t="and authentication methods">
    <j l="27#wp1135474" />
   </i>
   <i t="and content filtering">
    <j l="25#wp1072113" />
   </i>
   <i t="and firewall">
    <j l="14#wp1116025" />
   </i>
   <i t="and LDAP">
    <j l="27#wp1135474" />
   </i>
   <i t="and policy routes">
    <j l="7#wp1027459" />
    <j l="21#wp1124238" />
    <j l="21#wp1124864" />
    <j l="21#wp1125060" />
    <j l="21#wp1123768" />
   </i>
   <i t="and RADIUS">
    <j l="27#wp1135474" />
   </i>
   <i t="and remote management">
    <j l="37#wp1127431" />
   </i>
   <i t="and shell scripts">
    <j l="27#wp1134179" />
   </i>
   <i t="attributes for Ext-User">
    <j l="27#wp1133239" />
   </i>
   <i t="attributes in AAA servers">
    <j l="27#wp1137128" />
   </i>
   <i t="currently logged in">
    <j l="2#wp1112354" />
    <j l="2#wp1121101" />
   </i>
   <i t="default lease time">
    <j l="27#wp1109610" />
   </i>
   <i t="default reauthentication time">
    <j l="27#wp1109606" />
   </i>
   <i t="default type for Ext-User">
    <j l="27#wp1133232" />
   </i>
   <i t="Ext-User (type)">
    <j l="27#wp1130379" />
    <j l="27#wp1134239" />
   </i>
   <i t="groups. See user groups.">
    <j l="27#wp1134421" />
   </i>
   <i t="Guest (type)">
    <j l="27#wp1130367" />
   </i>
   <i t="lease time">
    <j l="27#wp1108001" />
   </i>
   <i t="Limited-Admin (type)">
    <j l="27#wp1130341" />
   </i>
   <i t="lockout">
    <j l="27#wp1109812" />
   </i>
   <i t="prerequisites (for force user authentication policies)">
    <j l="1#wp1184249" />
   </i>
   <i t="reauthentication time">
    <j l="27#wp1107030" />
   </i>
   <i t="types of">
    <j l="27#wp1130387" />
   </i>
   <i t="User (type)">
    <j l="27#wp1130360" />
   </i>
   <i t="user names">
    <j l="27#wp1124861" />
   </i>
  </i>
  <i t="UTF-8 decode">
   <j l="24#wp1032821" />
  </i>
 </g>
 <g t="V" o="002">
  <i t="Vantage CNM">
   <j l="37#wp1157990" />
  </i>
  <i t="virtual interfaces">
   <j l="5#wp1152666" />
   <i t="basic characteristics">
    <j l="5#wp1152673" />
   </i>
   <i t="not DHCP clients">
    <j l="5#wp1149994" />
   </i>
   <i t="types of">
    <j l="5#wp1196834" />
   </i>
  </i>
  <i t="Virtual Local Area Network. See VLAN.">
   <j l="5#wp1195469" />
  </i>
  <i t="Virtual Private Network. See VPN.">
   <j l="15#wp1136158" />
  </i>
  <i t="Virtual Router Redundancy Protocol. See VRRP.">
   <j l="26#wp1115711" />
  </i>
  <i t="virtual servers">
   <j l="11#wp1056842" />
   <i t="and address objects (HOST)">
    <j l="11#wp1053847" />
   </i>
   <i t="and ALG">
    <j l="13#wp1022982" />
    <j l="13#wp1023098" />
   </i>
   <i t="and firewall">
    <j l="14#wp1094105" />
   </i>
   <i t="and interfaces">
    <j l="11#wp1051219" />
   </i>
   <i t="and to-ZyWALL firewall">
    <j l="11#wp1056702" />
   </i>
   <i t="and VoIP pass through">
    <j l="13#wp1022982" />
    <j l="13#wp1023098" />
   </i>
   <i t="configuration overview">
    <j l="1#wp1146969" />
   </i>
   <i t="criteria">
    <j l="11#wp1052177" />
   </i>
   <i t="limitations">
    <j l="7#wp1034635" />
   </i>
   <i t="prerequisites">
    <j l="1#wp1146977" />
   </i>
   <i t="where to forward">
    <j l="11#wp1052184" />
   </i>
  </i>
  <i t="virus">
   <j l="23#wp1032214" />
  </i>
  <i t="virus attack">
   <j l="22#wp1124396" />
  </i>
  <i t="VLAN">
   <j l="5#wp1195469" />
   <i t="advantages">
    <j l="5#wp1195482" />
   </i>
   <i t="and MAC addresses">
    <j l="5#wp1195479" />
   </i>
   <i t="ID">
    <j l="5#wp1195479" />
   </i>
  </i>
  <i t="VLAN interfaces">
   <j l="5#wp1152663" />
   <j l="5#wp1195498" />
   <i t="and Ethernet interfaces">
    <j l="5#wp1195499" />
   </i>
   <i t="basic characteristics">
    <j l="5#wp1152673" />
   </i>
   <i t="virtual">
    <j l="5#wp1196834" />
   </i>
  </i>
  <i t="VoIP pass through">
   <j l="13#wp1015463" />
   <i t="and firewall">
    <j l="13#wp1022317" />
    <j l="13#wp1022982" />
    <j l="13#wp1023098" />
   </i>
   <i t="and policy routes">
    <j l="13#wp1023177" />
    <j l="13#wp1023098" />
   </i>
   <i t="and virtual servers">
    <j l="13#wp1022982" />
    <j l="13#wp1023098" />
   </i>
   <i t="configuration overview">
    <j l="1#wp1147007" />
   </i>
   <i t="peer-to-peer calls">
    <j l="13#wp1022982" />
   </i>
  </i>
  <i t="VoIP pass through. See also ALG.">
   <j l="13#wp1022241" />
  </i>
  <i t="VPN">
   <j l="15#wp1136158" />
   <i t="active protocol">
    <j l="15#wp1136647" />
   </i>
   <i t="and NAT">
    <j l="15#wp1141091" />
   </i>
   <i t="basic troubleshooting">
    <j l="15#wp1127701" />
   </i>
   <i t="hub-and-spoke. See VPN concentrator.">
    <j l="1#wp1154213" />
    <j l="15#wp1140137" />
   </i>
   <i t="IKE SA. See IKE SA.">
    <j l="15#wp1140748" />
   </i>
   <i t="IPSec">
    <j l="15#wp1136160" />
   </i>
   <i t="IPSec SA. See IPSec SA.">
    <j l="15#wp1136629" />
   </i>
   <i t="proposal">
    <j l="15#wp1145348" />
   </i>
   <i t="status">
    <j l="2#wp1114168" />
   </i>
  </i>
  <i t="VPN concentrator">
   <j l="15#wp1140137" />
   <i t="and IPSec SA policy enforcement">
    <j l="15#wp1127979" />
   </i>
   <i t="disadvantages">
    <j l="15#wp1140150" />
   </i>
  </i>
  <i t="VPN connections">
   <i t="and address objects">
    <j l="15#wp1130693" />
   </i>
   <i t="and policy routes">
    <j l="7#wp1027450" />
    <j l="7#wp1028014" />
    <j l="15#wp1130511" />
   </i>
  </i>
  <i t="VPN gateways">
   <i t="and certificates">
    <j l="15#wp1130239" />
   </i>
   <i t="and extended authentication">
    <j l="15#wp1130074" />
   </i>
   <i t="and interfaces">
    <j l="15#wp1130152" />
   </i>
   <i t="and to-ZyWALL firewall">
    <j l="15#wp1137741" />
   </i>
  </i>
  <i t="VRRP">
   <j l="26#wp1115711" />
   <i t="and to-ZyWALL firewall">
    <j l="26#wp1117533" />
   </i>
   <i t="router priority">
    <j l="26#wp1111049" />
   </i>
   <i t="virtual router ID (VR ID)">
    <j l="26#wp1110682" />
   </i>
  </i>
  <i t="VRRP groups">
   <j l="26#wp1117504" />
   <i t="advertisement interval">
    <j l="26#wp1120575" />
   </i>
   <i t="and interfaces">
    <j l="26#wp1117504" />
   </i>
   <i t="and to-ZyWALL firewall">
    <j l="26#wp1117722" />
   </i>
   <i t="authentication">
    <j l="26#wp1117722" />
   </i>
   <i t="HA status">
    <j l="26#wp1115396" />
   </i>
   <i t="role (desired)">
    <j l="26#wp1105828" />
   </i>
   <i t="status">
    <j l="26#wp1115386" />
   </i>
  </i>
  <i t="VRRP groups. See also VRRP.">
   <j l="26#wp1117504" />
  </i>
  <i t="vs RIP">
   <j l="8#wp1053310" />
  </i>
 </g>
 <g t="W" o="002">
  <i t="warm start">
   <j l="0#wp1144066" />
  </i>
  <i t="Web attack">
   <j l="23#wp1032233" />
  </i>
  <i t="web configurator">
   <j l="0#wp1137501" />
   <i t="access users">
    <j l="27#wp1137051" />
   </i>
  </i>
  <i t="web features">
   <i t="ActiveX">
    <j l="25#wp1067822" />
   </i>
   <i t="cookies">
    <j l="25#wp1067830" />
   </i>
   <i t="Java">
    <j l="25#wp1067826" />
   </i>
   <i t="web proxy servers">
    <j l="25#wp1067834" />
   </i>
  </i>
  <i t="web proxy servers">
   <j l="12#wp1037075" />
   <j l="25#wp1067834" />
   <i t="see also HTTP redirect.">
    <j l="12#wp1038497" />
   </i>
  </i>
  <i t="web-based SSL application">
   <j l="35#wp1161048" />
   <i t="configuration example">
    <j l="35#wp1161178" />
   </i>
   <i t="create">
    <j l="35#wp1161105" />
   </i>
  </i>
  <i t="webroot-directory-traversal attack">
   <j l="24#wp1032823" />
  </i>
  <i t="weighted round robin (for load balancing)">
   <j l="6#wp1116537" />
  </i>
  <i t="Windows Internet Naming Service. See WINS.">
   <j l="5#wp1222089" />
   <j l="16#wp1167669" />
  </i>
  <i t="WINS">
   <j l="5#wp1222089" />
   <j l="16#wp1167669" />
  </i>
  <i t="worm">
   <j l="22#wp1124396" />
   <j l="23#wp1032214" />
  </i>
  <i t="WWW">
   <j l="37#wp1005861" />
   <i t="and address groups">
    <j l="37#wp1134980" />
   </i>
   <i t="and address objects">
    <j l="37#wp1134980" />
   </i>
   <i t="and authentication methods">
    <j l="32#wp1112507" />
    <j l="37#wp1092080" />
   </i>
   <i t="and certificates">
    <j l="37#wp1063190" />
   </i>
   <i t="and zones">
    <j l="37#wp1134992" />
   </i>
  </i>
 </g>
 <g t="Z" o="002">
  <i t="zones">
   <j l="1#wp1146695" />
   <j l="9#wp1109260" />
   <i t="and firewall">
    <j l="14#wp1102086" />
    <j l="14#wp1092631" />
   </i>
   <i t="and FTP">
    <j l="37#wp1065002" />
   </i>
   <i t="and interfaces">
    <j l="1#wp1171693" />
    <j l="9#wp1109260" />
   </i>
   <i t="and SNMP">
    <j l="37#wp1065112" />
   </i>
   <i t="and SSH">
    <j l="37#wp1064508" />
   </i>
   <i t="and Telnet">
    <j l="37#wp1121856" />
   </i>
   <i t="and VPN">
    <j l="9#wp1109260" />
   </i>
   <i t="and WWW">
    <j l="37#wp1134992" />
   </i>
   <i t="block intra-zone traffic">
    <j l="9#wp1115939" />
    <j l="14#wp1087869" />
   </i>
   <i t="configuration overview">
    <j l="1#wp1146802" />
   </i>
   <i t="extra-zone traffic">
    <j l="9#wp1111582" />
   </i>
   <i t="prerequisites">
    <j l="1#wp1146815" />
   </i>
   <i t="types of traffic with">
    <j l="9#wp1112117" />
   </i>
   <i t="where used">
    <j l="1#wp1146819" />
   </i>
  </i>
  <i t="ZyWALL">
   <i t="domain name">
    <j l="36#wp1070231" />
   </i>
   <i t="system name">
    <j l="36#wp1070227" />
   </i>
   <i t="terminology differences. See terminology differences.">
    <j l="1#wp1171310" />
   </i>
  </i>
 </g>
</WebWorksHelpIX>
