<?xml version='1.0' encoding='ISO-8859-1' ?>

<WebWorksHelpTOC version="4.0">
 <i t=" Introducing the ZyWALL" l="0">
  <i t="Overview and Key Default Settings" l="0#wp1140478" />
  <i t="Front Panel LEDs" l="0#wp1071375" />
  <i t="Management Overview" l="0#wp1149462" />
  <i t="Starting and Stopping the ZyWALL" l="0#wp1143763" />
 </i>
 <i t=" Configuration Basics" l="1">
  <i t="Granular Configuration" l="1#wp1146557" />
  <i t="Terminology in the ZyWALL" l="1#wp1171310" />
  <i t="Physical Ports, Interfaces, and Zones" l="1#wp1146639" />
  <i t=" Feature Configuration Overview" l="1#wp1146708" />
  <i t="Objects" l="1#wp1184083" />
  <i t="System Management and Maintenance" l="1#wp1184170" />
 </i>
 <i t=" Status" l="2">
  <i t="Status Screen" l="2#wp1112042" />
  <i t="VPN Status" l="2#wp1107794" />
  <i t="DHCP Table" l="2#wp1112487" />
  <i t="Port Statistics" l="2#wp1122677" />
  <i t="Current Users" l="2#wp1121100" />
 </i>
 <i t="Registration" l="3">
  <i t="myZyXEL.com Overview" l="3#wp1065259">
   <i t="Subscription Services Available on the ZyWALL" l="3#wp1066535" />
  </i>
  <i t="Registration" l="3#wp1065260" />
  <i t="Service" l="3#wp1068316" />
 </i>
 <i t="Update" l="4">
  <i t="">
   <i t="Updating Anti-virus Signatures" l="4#wp1084057" />
  </i>
  <i t="Updating IDP and Application Patrol Signatures" l="4#wp1082528" />
  <i t="Updating System Protect Signatures" l="4#wp1082911" />
 </i>
 <i t="Interface" l="5">
  <i t="Interface Overview" l="5#wp1201558">
   <i t="Types of Interfaces" l="5#wp1192504" />
   <i t="IP Address Assignment" l="5#wp1149798" />
   <i t="Interface Parameters" l="5#wp1133434" />
   <i t="DHCP Settings" l="5#wp1139464" />
   <i t="Ping Check Settings" l="5#wp1222091" />
   <i t="Relationships Between Interfaces" l="5#wp1148907" />
  </i>
  <i t="Ethernet Interfaces" l="5#wp1113062">
   <i t="Ethernet Interfaces Overview" l="5#wp1194396" />
   <i t="Interface Summary Screen" l="5#wp1113273" />
   <i t="Ethernet Summary Screen" l="5#wp1220568" />
   <i t="Ethernet Edit" l="5#wp1166582" />
  </i>
  <i t="Port Grouping" l="5#wp1079947" />
  <i t="VLAN Interfaces" l="5#wp1080573">
   <i t="VLAN Add/Edit" l="5#wp1167557" />
  </i>
  <i t="Bridge Interfaces" l="5#wp1087154">
   <i t="Bridge Summary" l="5#wp1107563" />
   <i t="Bridge Add/Edit" l="5#wp1087786" />
  </i>
  <i t="PPPoE/PPTP Interfaces" l="5#wp1089613">
   <i t="PPPoE/PPTP Overview" l="5#wp1196551" />
   <i t="PPPoE/PPTP Interfaces Overview" l="5#wp1196561" />
   <i t="PPPoE/PPTP Interface Summary" l="5#wp1106778" />
   <i t="PPPoE/PPTP Interface Add/Edit" l="5#wp1089820" />
  </i>
  <i t="Auxiliary Interface" l="5#wp1190792">
   <i t="Auxiliary Interface Overview" l="5#wp1196759" />
   <i t="Auxiliary" l="5#wp1196941" />
  </i>
  <i t="Virtual Interfaces" l="5#wp1145568">
   <i t="Virtual Interfaces Add/Edit" l="5#wp1196957" />
  </i>
 </i>
 <i t="Trunks" l="6">
  <i t="Trunks Overview" l="6#wp1116463" />
  <i t="Trunk Scenario Examples" l="6#wp1116469" />
  <i t="Load Balancing Introduction" l="6#wp1116473" />
  <i t="Load Balancing Algorithms" l="6#wp1116477">
   <i t="Least Load First" l="6#wp1116482" />
   <i t="Weighted Round Robin" l="6#wp1116535" />
   <i t="Spillover" l="6#wp1116545" />
  </i>
  <i t="Trunk Summary" l="6#wp1116553" />
  <i t="Configuring a Trunk" l="6#wp1116578" />
 </i>
 <i t="Policy and Static Routes" l="7">
  <i t="Policy Route" l="7#wp1025402">
   <i t="Benefits" l="7#wp1025407" />
  </i>
  <i t="Routing Policy" l="7#wp1025421">
   <i t="NAT and SNAT" l="7#wp1044620" />
   <i t="Port Triggering" l="7#wp1034634" />
   <i t="Maximize Bandwidth Usage" l="7#wp1051303" />
   <i t="Reserving Bandwidth for Non-Bandwidth Class Traffic" l="7#wp1051326" />
  </i>
  <i t="IP Routing Policy Setup" l="7#wp1051297" />
  <i t="Policy Route Edit" l="7#wp1025489" />
  <i t="IP Static Routes" l="7#wp1005780" />
  <i t="Static Route Summary" l="7#wp1009943" />
  <i t="Edit a Static Route" l="7#wp1005838" />
 </i>
 <i t="Routing Protocols" l="8">
  <i t="Routing Protocols Overview" l="8#wp1053142">
   <i t="RIP Overview" l="8#wp1053198" />
   <i t="Authentication Types" l="8#wp1053221" />
  </i>
  <i t="RIP Screen" l="8#wp1053247" />
  <i t="OSPF Overview" l="8#wp1053308">
   <i t="OSPF Areas" l="8#wp1053319" />
   <i t="OSPF Routers" l="8#wp1053339" />
   <i t="Virtual Links" l="8#wp1053396" />
   <i t="OSPF Configuration" l="8#wp1053406" />
  </i>
  <i t="OSPF Screens" l="8#wp1053418">
   <i t="OSPF Summary" l="8#wp1053424" />
   <i t="OSPF Area Add/Edit" l="8#wp1053525" />
  </i>
 </i>
 <i t=" Zones" l="9">
  <i t="Zones Overview" l="9#wp1111452">
   <i t="Effect of Zones on Different Types of Traffic" l="9#wp1109766" />
  </i>
  <i t="Zone Summary" l="9#wp1106845" />
  <i t="Zone Add/Edit" l="9#wp1102545" />
 </i>
 <i t="DDNS" l="10">
  <i t="DDNS Overview" l="10#wp1102753">
   <i t="DYNDNS Wildcard" l="10#wp1105244" />
   <i t="High Availability (HA)" l="10#wp1105251" />
   <i t="Mail Exchanger" l="10#wp1107553" />
  </i>
  <i t="DDNS Screens" l="10#wp1103398" />
  <i t="Dynamic DNS Add/Edit" l="10#wp1102545" />
 </i>
 <i t="Virtual Servers" l="11">
  <i t="Virtual Server Overview" l="11#wp1052158" />
  <i t="Virtual Server Summary Screen" l="11#wp1052757">
   <i t="Virtual Server Add/Edit" l="11#wp1049688" />
  </i>
 </i>
 <i t="HTTP Redirect" l="12">
  <i t="HTTP Redirect Overview" l="12#wp1034970">
   <i t="Web Proxy Server" l="12#wp1038493" />
  </i>
  <i t="HTTP Redirect, Firewall and Policy Route" l="12#wp1038432" />
  <i t="Configuring HTTP Redirect" l="12#wp1037078" />
  <i t="HTTP Redirect Edit" l="12#wp1025489" />
 </i>
 <i t="ALG" l="13">
  <i t="ALG Introduction" l="13#wp1029479">
   <i t="Application Layer Gateway (ALG) and NAT" l="13#wp1014930" />
   <i t="ALG and Trunks" l="13#wp1015109" />
   <i t="FTP" l="13#wp1029698" />
   <i t="H.323" l="13#wp1029680" />
   <i t="RTP" l="13#wp1015647" />
   <i t="SIP" l="13#wp1013468" />
  </i>
  <i t="Peer-to-Peer Calls and the ZyWALL" l="13#wp1022978">
   <i t="VoIP Calls from the WAN with Multiple Outgoing Calls" l="13#wp1023176" />
   <i t="VoIP with Multiple WAN IP Addresses" l="13#wp1023082" />
  </i>
  <i t="ALG Screen" l="13#wp1013707" />
 </i>
 <i t=" Firewall" l="14">
  <i t="Firewall Rules" l="14#wp1065078">
   <i t="Rule Directions" l="14#wp1084790" />
   <i t="Firewall and VPN Traffic" l="14#wp1099519" />
  </i>
  <i t="Alerts" l="14#wp1065216" />
  <i t="Asymmetrical Routes" l="14#wp1106854">
   <i t="Virtual Interfaces and Asymmetrical Routes" l="14#wp1107027" />
  </i>
  <i t="Configuring the Firewall" l="14#wp1068829" />
 </i>
 <i t="IPSec VPN" l="15">
  <i t="IPSec VPN Overview" l="15#wp1136156">
   <i t="IPSec SA Overview" l="15#wp1136629" />
   <i t="Additional Topics for IPSec SA" l="15#wp1136839" />
  </i>
  <i t="VPN Related Configuration" l="15#wp1127753" />
  <i t="VPN Connection Screens" l="15#wp1123808">
   <i t="VPN Connection Add/Edit IKE" l="15#wp1143256" />
   <i t="VPN Connection Add/Edit Manual Key" l="15#wp1143591" />
  </i>
  <i t="VPN Gateway Screens" l="15#wp1067564">
   <i t="IKE SA Overview" l="15#wp1140748" />
   <i t="Additional Topics for IKE SA" l="15#wp1141060" />
   <i t="VPN Gateway Summary" l="15#wp1067566" />
   <i t="VPN Gateway Add/Edit" l="15#wp1067625" />
  </i>
  <i t="VPN Concentrator" l="15#wp1140133">
   <i t="VPN Concentrator Summary" l="15#wp1140313" />
   <i t="VPN Concentrator Add/Edit" l="15#wp1126390" />
  </i>
  <i t="SA Monitor Screen" l="15#wp1055353">
   <i t="Regular Expressions in Searching IPSec SAs by Name or Policy" l="15#wp1168699" />
  </i>
 </i>
 <i t="SSL VPN" l="16">
  <i t="SSL Access Policy" l="16#wp1165383">
   <i t="SSL Access Policy Objects" l="16#wp1150895" />
   <i t="SSL Access Policy Limitations" l="16#wp1156658" />
  </i>
  <i t="SSL Access Privilege List" l="16#wp1150899" />
  <i t="Creating/Editing an SSL Access Policy" l="16#wp1151132" />
  <i t="SSL Connection Monitor" l="16#wp1167698" />
  <i t="Configuring SSL Global Setting" l="16#wp1151036">
   <i t="Uploading a Custom Logo" l="16#wp1154515" />
  </i>
 </i>
 <i t="SSL User Screens" l="17">
  <i t="">
   <i t="Network Resource Access Methods" l="17#wp1193296" />
   <i t="Certificates" l="17#wp1185557" />
  </i>
  <i t="Bookmark" l="17#wp1183000" />
  <i t="Logout" l="17#wp1183085" />
 </i>
 <i t="SSL User Application Screens" l="18" />
 <i t="SSL User File Sharing Screens" l="19">
  <i t="Main File Sharing Screen" l="19#wp1182925" />
  <i t="Opening a File or Folder" l="19#wp1183531">
   <i t="Downloading a File" l="19#wp1183757" />
   <i t="Saving a File" l="19#wp1184066" />
  </i>
  <i t="Creating a New Folder" l="19#wp1184315" />
  <i t="Renaming a File or Folder" l="19#wp1185173" />
  <i t="Deleting a File or Folder" l="19#wp1184922" />
  <i t="Uploading a File" l="19#wp1184554" />
 </i>
 <i t="L2TP VPN" l="20">
  <i t="L2TP VPN Overview" l="20#wp1157539" />
  <i t="IPSec Configuration" l="20#wp1173120">
   <i t="Using the Default L2TP VPN Connection" l="20#wp1173940" />
  </i>
  <i t="Policy Route" l="20#wp1175092" />
  <i t="L2TP VPN Configuration" l="20#wp1175707" />
  <i t="L2TP VPN Session Monitor" l="20#wp1168448" />
 </i>
 <i t="Application Patrol" l="21">
  <i t="Application Patrol Overview" l="21#wp1108531" />
  <i t="Classification of Applications" l="21#wp1117096" />
  <i t="Configurable Application Policies" l="21#wp1117108" />
  <i t="Bandwidth Management" l="21#wp1128585">
   <i t="Connection and Packet Directions" l="21#wp1129461" />
   <i t="Outbound and Inbound Bandwidth Limits" l="21#wp1137678" />
   <i t="Bandwidth Management Priority" l="21#wp1132452" />
   <i t="Maximize Bandwidth Usage" l="21#wp1140203" />
   <i t="Bandwidth Management Behavior" l="21#wp1132805" />
  </i>
  <i t="Other Applications" l="21#wp1117136" />
  <i t="Application Patrol Screens" l="21#wp1114603" />
  <i t="Application Patrol General" l="21#wp1126325" />
  <i t="Application Patrol Applications" l="21#wp1122311">
   <i t="Application Patrol Edit" l="21#wp1121922" />
   <i t="Application Patrol Policy Edit" l="21#wp1123550" />
  </i>
  <i t="Other Protocol Screen" l="21#wp1122780">
   <i t="Other Configuration Add/Edit" l="21#wp1107289" />
  </i>
  <i t="Application Patrol Statistics" l="21#wp1126359">
   <i t="Application Patrol Statistics: General Setup" l="21#wp1126667" />
   <i t="Application Patrol Statistics: Bandwidth Statistics" l="21#wp1126680" />
   <i t=" Application Patrol Statistics: Protocol Statistics" l="21#wp1127099" />
  </i>
 </i>
 <i t="Anti-Virus" l="22">
  <i t="Introduction to the ZyWALL Anti-Virus Scanner" l="22#wp1124466">
   <i t="Notes About the ZyWALL Anti-Virus" l="22#wp1124533" />
  </i>
  <i t="Anti-Virus Summary" l="22#wp1124571">
   <i t="Anti-Virus Policy Edit" l="22#wp1132108" />
  </i>
  <i t="Anti-Virus Setting" l="22#wp1133102" />
  <i t="Anti-Virus White List Add/Edit" l="22#wp1133788" />
  <i t="Anti-Virus Black List Add/Edit" l="22#wp1140182" />
 </i>
 <i t=" IDP" l="23">
  <i t="Introduction to IDP" l="23#wp1031264">
   <i t="Host Intrusions" l="23#wp1031478" />
   <i t="Network Intrusions" l="23#wp1031483" />
   <i t="IDP on the ZyWALL" l="23#wp1031550" />
   <i t="Signatures" l="23#wp1054877" />
  </i>
  <i t="Traffic Directions and Profiles" l="23#wp1031471" />
  <i t="Configuring IDP General" l="23#wp1030167" />
  <i t="Configuring IDP Bindings" l="23#wp1056516" />
  <i t="Introducing IDP Profiles" l="23#wp1056508">
   <i t="Base Profiles" l="23#wp1032073" />
  </i>
  <i t="Profile Summary Screen" l="23#wp1032113" />
  <i t="Creating New Profiles" l="23#wp1032147">
   <i t="Procedure To Create a New Profile" l="23#wp1039640" />
  </i>
  <i t="Profiles: Packet Inspection" l="23#wp1032151">
   <i t="Profile &gt; Group View Screen" l="23#wp1065651" />
   <i t="Policy Types" l="23#wp1032155" />
   <i t="IDP Service Groups" l="23#wp1032235" />
   <i t="Profile &gt; Query View Screen" l="23#wp1032430" />
  </i>
  <i t="Introducing IDP Custom Signatures" l="23#wp1033343">
   <i t="IP Packet Header" l="23#wp1033346" />
  </i>
  <i t="Configuring Custom Signatures" l="23#wp1033421">
   <i t="Creating or Editing a Custom Signature" l="23#wp1033487" />
   <i t="Applying Custom Signatures" l="23#wp1033732" />
   <i t="Verifying Custom Signatures" l="23#wp1033739" />
  </i>
 </i>
 <i t=" ADP" l="24">
  <i t="Introduction to ADP" l="24#wp1031264">
   <i t="Host Intrusions" l="24#wp1031478" />
   <i t="Network Intrusions" l="24#wp1031483" />
   <i t="ADP on the ZyWALL" l="24#wp1031550" />
  </i>
  <i t="Traffic Directions and Profiles" l="24#wp1031471" />
  <i t="Configuring ADP General" l="24#wp1030167" />
  <i t="Configuring Anomaly Profile Bindings" l="24#wp1056516" />
  <i t="Introducing ADP Profiles" l="24#wp1056508">
   <i t="Base Profiles" l="24#wp1032073" />
  </i>
  <i t="Profile Summary Screen" l="24#wp1032113" />
  <i t="Creating New Profiles" l="24#wp1032147">
   <i t="Procedure To Create a New Profile" l="24#wp1039640" />
  </i>
  <i t="Profiles: Traffic Anomaly" l="24#wp1032566">
   <i t="Port Scanning" l="24#wp1032569" />
   <i t="Flood Detection" l="24#wp1032626" />
   <i t="Profile &gt; Traffic Anomaly Screen" l="24#wp1041491" />
  </i>
  <i t="Profiles: Protocol Anomaly" l="24#wp1032734">
   <i t="HTTP Inspection and TCP/UDP/ICMP Decoders" l="24#wp1040873" />
   <i t="Protocol Anomaly Configuration" l="24#wp1040881" />
  </i>
 </i>
 <i t="Content Filter Screens" l="25">
  <i t="Content FilterOverview" l="25#wp1006737">
   <i t="Content Filter Policies" l="25#wp1072120" />
   <i t="Content Filter Profiles" l="25#wp1072238" />
   <i t="Content Filter Configuration Guidelines" l="25#wp1085399" />
  </i>
  <i t="Content Filter General Screen" l="25#wp1042297" />
  <i t="Content Filter Policy Screen" l="25#wp1073681" />
  <i t="Content Filter Profile Screen" l="25#wp1006890" />
  <i t="External Web Filtering Service" l="25#wp1084213" />
  <i t="Content Filter Categories Screen" l="25#wp1073265" />
  <i t="Content Filter Customization Screen" l="25#wp1073504" />
  <i t="Keyword Blocking URL Checking" l="25#wp1007318" />
  <i t="Content Filter Cache Screen" l="25#wp1055901" />
 </i>
 <i t=" Device HA" l="26">
  <i t="Virtual Router Redundancy Protocol (VRRP) Overview" l="26#wp1109973">
   <i t="Additional VRRP Notes" l="26#wp1117562" />
  </i>
  <i t="VRRP Group Overview" l="26#wp1117500">
   <i t="Link Monitoring" l="26#wp1129274" />
   <i t="VRRP and Remote Management" l="26#wp1129272" />
  </i>
  <i t="VRRP Group Summary" l="26#wp1106510" />
  <i t="VRRP Group Add/Edit" l="26#wp1102545" />
  <i t="Synchronization Overview" l="26#wp1120267">
   <i t="Synchronize Screen" l="26#wp1129133" />
  </i>
 </i>
 <i t=" User/Group" l="27">
  <i t="User Account Overview" l="27#wp1122082">
   <i t="User Types" l="27#wp1122188" />
   <i t="Ext-User Accounts" l="27#wp1133220" />
   <i t="User Groups" l="27#wp1134420" />
   <i t="Access Users and the ZyWALL" l="27#wp1134429" />
   <i t="Force User Authentication Policy" l="27#wp1134450" />
  </i>
  <i t="User Summary" l="27#wp1105556">
   <i t="User Add/Edit" l="27#wp1102545" />
  </i>
  <i t="Group Summary" l="27#wp1107125">
   <i t="Group Add/Edit" l="27#wp1107289" />
  </i>
  <i t="Setting Screen" l="27#wp1108795">
   <i t="Force User Authentication Policy Add/Edit" l="27#wp1127434" />
  </i>
  <i t="Web Configurator for Non-Admin Users" l="27#wp1110444" />
 </i>
 <i t=" Addresses" l="28">
  <i t="Addresses Overview" l="28#wp1102753">
   <i t="Address Summary" l="28#wp1105556" />
   <i t="Address Add/Edit" l="28#wp1102545" />
  </i>
  <i t="Address Group Screens" l="28#wp1107092">
   <i t="Address Group Summary" l="28#wp1107125" />
   <i t="Address Group Add/Edit" l="28#wp1107289" />
  </i>
 </i>
 <i t=" Services" l="29">
  <i t="Services Overview" l="29#wp1113656">
   <i t="IP Protocols" l="29#wp1108167" />
   <i t="Service Objects and Service Groups" l="29#wp1107868" />
  </i>
  <i t="Service Summary Screen" l="29#wp1105556">
   <i t="Service Add/Edit" l="29#wp1102545" />
  </i>
  <i t="Service Group Summary Screen" l="29#wp1107125">
   <i t="Service Group Add/Edit" l="29#wp1107289" />
  </i>
 </i>
 <i t="Schedules" l="30">
  <i t="Schedule Overview" l="30#wp1102753">
   <i t="Schedule Summary" l="30#wp1106845" />
   <i t="One-Time Schedule Add/Edit" l="30#wp1102545" />
   <i t="Recurring Schedule Add/Edit" l="30#wp1106053" />
  </i>
 </i>
 <i t=" AAA Server" l="31">
  <i t="AAA Server Overview" l="31#wp1110220">
   <i t="ASAS" l="31#wp1150897" />
   <i t="User Authentication Method" l="31#wp1150899" />
  </i>
  <i t="Directory Service (AD/LDAP) Overview" l="31#wp1148257">
   <i t="Directory Structure" l="31#wp1148275" />
   <i t="Distinguished Name (DN)" l="31#wp1148422" />
   <i t="Configuring Active Directory or LDAP Default Server Settings" l="31#wp1148903" />
  </i>
  <i t="Active Directory or LDAP Group Summary" l="31#wp1148976">
   <i t="Creating an Active Directory or LDAP Group" l="31#wp1149033" />
  </i>
  <i t="RADIUS Server" l="31#wp1130124" />
  <i t="Configuring a Default RADIUS Server" l="31#wp1120028" />
  <i t="Configuring a Group of RADIUS Servers" l="31#wp1112022">
   <i t="Adding a RADIUS Server Member" l="31#wp1142167" />
  </i>
 </i>
 <i t=" Authentication Objects" l="32">
  <i t="Authentication Objects Overview" l="32#wp1112400" />
  <i t="Creating an Authentication Object" l="32#wp1112671" />
 </i>
 <i t="Certificates" l="33">
  <i t="Certificates Overview" l="33#wp1016937">
   <i t="Advantages of Certificates" l="33#wp1016950" />
  </i>
  <i t="Self-signed Certificates" l="33#wp1016954" />
  <i t="Factory Default Certificate" l="33#wp1021585">
   <i t="Certificate File Formats" l="33#wp1021661" />
  </i>
  <i t="Verifying a Certificate" l="33#wp1025278">
   <i t="Checking the Fingerprint of a Certificate on Your Computer" l="33#wp1025281" />
  </i>
  <i t="My Certificates Screen" l="33#wp1016926">
   <i t="My Certificates Add Screen" l="33#wp1014524" />
   <i t="My Certificate Edit Screen" l="33#wp1014629" />
   <i t="My Certificate Import Screen" l="33#wp1020623" />
  </i>
  <i t="Trusted Certificates Screen" l="33#wp1020620">
   <i t="OCSP" l="33#wp1026881" />
  </i>
  <i t="Trusted Certificates Edit Screen" l="33#wp1027117" />
  <i t="Trusted Certificates Import Screen" l="33#wp1039620" />
 </i>
 <i t="ISP Accounts" l="34">
  <i t="ISP Account Summary" l="34#wp1049911" />
  <i t="ISP Account Edit" l="34#wp1049688" />
 </i>
 <i t="SSL Application" l="35">
  <i t="">
   <i t="Application Types" l="35#wp1161041" />
   <i t="Remote User Screen Links" l="35#wp1161059" />
  </i>
  <i t="SSL Application Configuration" l="35#wp1161063" />
  <i t="Creating/Editing an SSL Application" l="35#wp1161099">
   <i t="Web-based Application" l="35#wp1161103" />
   <i t="Example: Specifying a Web Site for Access" l="35#wp1161176" />
   <i t="Configuring File Sharing" l="35#wp1161266" />
  </i>
 </i>
 <i t=" System" l="36">
  <i t="System Overview" l="36#wp1070186" />
  <i t="Host Name" l="36#wp1070188" />
  <i t="Time and Date" l="36#wp1136259">
   <i t="Pre-defined NTP Time Servers List" l="36#wp1070372" />
   <i t="Time Server Synchronization" l="36#wp1070410" />
  </i>
  <i t="Console Port Speed" l="36#wp1070442" />
  <i t="DNS Overview" l="36#wp1124038">
   <i t="DNS Server Address Assignment" l="36#wp1063662" />
   <i t="DNS Servers" l="36#wp1058125" />
   <i t="Configuring DNS" l="36#wp1058872" />
   <i t="Address Record" l="36#wp1130082" />
   <i t="PTR Record" l="36#wp1130080" />
   <i t="Adding an Address/PTR Record" l="36#wp1129422" />
   <i t="Domain Zone Forwarder" l="36#wp1129877" />
   <i t="Adding a Domain Zone Forwarder" l="36#wp1129778" />
   <i t="MX Record" l="36#wp1130265" />
   <i t="Adding a MX Record" l="36#wp1130231" />
   <i t="DNS Service Control" l="36#wp1102097" />
  </i>
 </i>
 <i t=" System Remote Management" l="37">
  <i t=" Remote Management Overview" l="37#wp1130767">
   <i t="Remote Management Limitations" l="37#wp1057942" />
   <i t="System Timeout" l="37#wp1057954" />
  </i>
  <i t="HTTPS" l="37#wp1005847" />
  <i t="Configuring WWW" l="37#wp1005861" />
  <i t="Service Control Rules" l="37#wp1062254" />
  <i t="SSH" l="37#wp1006028">
   <i t="How SSH Works" l="37#wp1006037" />
   <i t="SSH Implementation on the ZyWALL" l="37#wp1006052" />
   <i t="Requirements for Using SSH" l="37#wp1006054" />
   <i t="Configuring SSH" l="37#wp1006056" />
  </i>
  <i t="Telnet" l="37#wp1006172">
   <i t="Configuring Telnet" l="37#wp1006186" />
  </i>
  <i t="Configuring FTP" l="37#wp1006227" />
  <i t="SNMP" l="37#wp1006269">
   <i t="Supported MIBs" l="37#wp1006295" />
   <i t="SNMP Traps" l="37#wp1006298" />
   <i t="Configuring SNMP" l="37#wp1105614" />
  </i>
  <i t="Dial-in Management" l="37#wp1123260">
   <i t="AT Command Strings" l="37#wp1159493" />
   <i t="DTR Signal" l="37#wp1159496" />
   <i t="Response Strings" l="37#wp1159503" />
  </i>
  <i t="Dial-in Mgmt Configuration" l="37#wp1159547" />
  <i t="Vantage CNM" l="37#wp1157985" />
  <i t="Language" l="37#wp1160895" />
 </i>
 <i t="File Manager" l="38">
  <i t="Configuration Files and Shell Scripts Overview" l="38#wp1073561">
   <i t="Comments in Configuration Files or Shell Scripts" l="38#wp1093228" />
   <i t="Errors in Configuration Files or Shell Scripts" l="38#wp1092726" />
   <i t="ZyWALL Configuration File Details" l="38#wp1086436" />
   <i t="Configuration File Flow at Restart" l="38#wp1086448" />
  </i>
  <i t="Configuration File Screen" l="38#wp1079880" />
  <i t="Firmware Package" l="38#wp1082119" />
  <i t="Shell Script Screen" l="38#wp1081219" />
 </i>
 <i t=" Logs" l="39">
  <i t="View Log Screen" l="39#wp1121721" />
  <i t="Log Settings Screens" l="39#wp1110695" />
  <i t="Log Settings Summary" l="39#wp1108354">
   <i t="Log Settings Edit E-mail" l="39#wp1106053" />
   <i t="Log Settings Edit syslog" l="39#wp1122866" />
   <i t="Active Log Summary" l="39#wp1110115" />
  </i>
 </i>
 <i t=" Reports" l="40">
  <i t="Session Screen" l="40#wp1112995" />
 </i>
 <i t=" Diagnostics" l="41" />
 <i t="Reboot" l="42" />
</WebWorksHelpTOC>
